-6,3,7,1
-5.99,3,7,1
-5.98,3,7,1
-5.97,3,7,1
-5.96,3,7,1
-5.95,3,7,1
-5.94,3,7,1
-5.93,3,7,1
-5.92,3,7,1
-5.91,3,7,1
-5.9,3,7,1
-5.89,3,7,1
-5.88,3,7,1
-5.87,3,7,1
-5.86,3,7,1
-5.85,3,7,1
-5.84,3,7,1
-5.83,3,7,1
-5.82,3,7,1
-5.81,3,7,1
-5.8,3,7,1
-5.79,3,7,1
-5.78,3,7,1
-5.77,3,7,1
-5.76,3,7,1
-5.75,3,7,1
-5.74,3,7,1
-5.73,3,7,1
-5.72,3,7,1
-5.71,3,7,1
-5.7,3,7,1
-5.69,3,7,1
-5.68,3,7,1
-5.67,3,7,1
-5.66,3,7,1
-5.65,3,7,1
-5.64,3,7,1
-5.63,3,7,1
-5.62,3,7,1
-5.61,3,7,1
-5.6,3,7,1
-5.59,3,7,1
-5.58,3,7,1
-5.57,3,7,1
-5.56,3,7,1
-5.55,3,7,1
-5.54,3,7,1
-5.53,3,7,1
-5.52,3,7,1
-5.51,3,7,1
-5.5,3,7,1
-5.49,3,7,1
-5.48,3,7,1
-5.47,3,7,1
-5.46,3,7,1
-5.45,3,7,1
-5.44,3,7,1
-5.43,3,7,1
-5.42,3,7,1
-5.41,3,7,1
-5.4,3,7,1
-5.39,3,7,1
-5.38,3,7,1
-5.37,3,7,1
-5.36,3,7,1
-5.35,3,7,1
-5.34,3,7,1
-5.33,3,7,1
-5.32,3,7,1
-5.31,3,7,1
-5.3,3,7,1
-5.29,3,7,1
-5.28,3,7,1
-5.27,3,7,1
-5.26,3,7,1
-5.25,3,7,1
-5.24,3,7,1
-5.23,3,7,1
-5.22,3,7,1
-5.21,3,7,1
-5.2,3,7,1
-5.19,3,7,1
-5.18,3,7,1
-5.17,3,7,1
-5.16,3,7,1
-5.15,3,7,1
-5.14,3,7,1
-5.13,3,7,1
-5.12,3,7,1
-5.11,3,7,1
-5.1,3,7,1
-5.09,3,7,1
-5.08,3,7,1
-5.07,3,7,1
-5.06,3,7,1
-5.05,3,7,1
-5.04,3,7,1
-5.03,3,7,1
-5.02,3,7,1
-5.01,3,7,1
-5,3,7,1
-4.99,3,7,1
-4.98,3,7,1
-4.97,3,7,1
-4.96,3,7,1
-4.95,3,7,1
-4.94,3,7,1
-4.93,3,7,1
-4.92,3,7,1
-4.91,3,7,1
-4.9,3,7,1
-4.89,3,7,1
-4.88,3,7,1
-4.87,3,7,1
-4.86,3,7,1
-4.85,3,7,1
-4.84,3,7,1
-4.83,3,7,1
-4.82,3,7,1
-4.81,3,7,1
-4.8,3,7,1
-4.79,3,7,1
-4.78,3,7,1
-4.77,3,7,1
-4.76,3,7,1
-4.75,3,7,1
-4.74,3,7,1
-4.73,3,7,1
-4.72,3,7,1
-4.71,3,7,1
-4.7,3,7,1
-4.69,3,7,1
-4.68,3,7,1
-4.67,3,7,1
-4.66,3,7,1
-4.65,3,7,1
-4.64,3,7,1
-4.63,3,7,1
-4.62,3,7,1
-4.61,3,7,1
-4.6,3,7,1
-4.59,3,7,1
-4.58,3,7,1
-4.57,3,7,1
-4.56,3,7,1
-4.55,3,7,1
-4.54,3,7,1
-4.53,3,7,1
-4.52,3,7,1
-4.51,3,7,1
-4.5,3,7,1
-4.49,3,7,1
-4.48,3,7,1
-4.47,3,7,1
-4.46,3,7,1
-4.45,3,7,1
-4.44,3,7,1
-4.43,3,7,1
-4.42,3,7,1
-4.41,3,7,1
-4.4,3,7,1
-4.39,3,7,1
-4.38,3,7,1
-4.37,3,7,1
-4.36,3,7,1
-4.35,3,7,1
-4.34,3,7,1
-4.33,3,7,1
-4.32,3,7,1
-4.31,3,7,1
-4.3,3,7,1
-4.29,3,7,1
-4.28,3,7,1
-4.27,3,7,1
-4.26,3,7,1
-4.25,3,7,1
-4.24,3,7,1
-4.23,3,7,1
-4.22,3,7,1
-4.21,3,7,1
-4.2,3,7,1
-4.19,3,7,1
-4.18,3,7,1
-4.17,3,7,1
-4.16,3,7,1
-4.15,3,7,1
-4.14,3,7,1
-4.13,3,7,1
-4.12,3,7,1
-4.11,3,7,1
-4.1,3,7,1
-4.09,3,7,1
-4.08,3,7,1
-4.07,3,7,1
-4.06,3,7,1
-4.05,3,7,1
-4.04,3,7,1
-4.03,3,7,1
-4.02,3,7,1
-4.01,3,7,1
-4,3,7,1
-3.99,3,7,1
-3.98,3,7,1
-3.97,3,7,1
-3.96,3,7,1
-3.95,3,7,1
-3.94,3,7,1
-3.93,3,7,1
-3.92,3,7,1
-3.91,3,7,1
-3.9,3,7,1
-3.89,3,7,1
-3.88,3,7,1
-3.87,3,7,1
-3.86,3,7,1
-3.85,3,7,1
-3.84,3,7,1
-3.83,3,7,1
-3.82,3,7,1
-3.81,3,7,1
-3.8,3,7,1
-3.79,3,7,1
-3.78,3,7,1
-3.77,3,7,1
-3.76,3,7,1
-3.75,3,7,1
-3.74,3,7,1
-3.73,3,7,1
-3.72,3,7,1
-3.71,3,7,1
-3.7,3,7,1
-3.69,3,7,1
-3.68,3,7,1
-3.67,3,7,1
-3.66,3,7,1
-3.65,3,7,1
-3.64,3,7,1
-3.63,3,7,1
-3.62,3,7,1
-3.61,3,7,1
-3.6,3,7,1
-3.59,3,7,1
-3.58,3,7,1
-3.57,3,7,1
-3.56,3,7,1
-3.55,3,7,1
-3.54,3,7,1
-3.53,3,7,1
-3.52,3,7,1
-3.51,3,7,1
-3.5,3,7,1
-3.49,3,7,1
-3.48,3,7,1
-3.47,3,7,1
-3.46,3,7,1
-3.45,3,7,1
-3.44,3,7,1
-3.43,3,7,1
-3.42,3,7,1
-3.41,3,7,1
-3.4,3,7,1
-3.39,3,7,1
-3.38,3,7,1
-3.37,3,7,1
-3.36,3,7,1
-3.35,3,7,1
-3.34,3,7,1
-3.33,3,7,1
-3.32,3,7,1
-3.31,3,7,1
-3.3,3,7,1
-3.29,3,7,1
-3.28,3,7,1
-3.27,3,7,1
-3.26,3,7,1
-3.25,3,7,1
-3.24,3,7,1
-3.23,3,7,1
-3.22,3,7,1
-3.21,3,7,1
-3.2,3,7,1
-3.19,3,7,1
-3.18,3,7,1
-3.17,3,7,1
-3.16,3,7,1
-3.15,3,7,1
-3.14,3,7,1
-3.13,3,7,1
-3.12,3,7,1
-3.11,3,7,1
-3.1,3,7,1
-3.09,3,7,1
-3.08,3,7,1
-3.07,3,7,1
-3.06,3,7,1
-3.05,3,7,1
-3.04,3,7,1
-3.03,3,7,1
-3.02,3,7,1
-3.01,3,7,1
-3,3,7,1
-2.99,3,7,1
-2.98,3,7,1
-2.97,3,7,1
-2.96,3,7,1
-2.95,3,7,1
-2.94,3,7,1
-2.93,3,7,1
-2.92,3,7,1
-2.91,3,7,1
-2.9,3,7,1
-2.89,3,7,1
-2.88,3,7,1
-2.87,3,7,1
-2.86,3,7,1
-2.85,3,7,1
-2.84,3,7,1
-2.83,3,7,1
-2.82,3,7,1
-2.81,3,7,1
-2.8,3,7,1
-2.79,3,7,1
-2.78,3,7,1
-2.77,3,7,1
-2.76,3,7,1
-2.75,3,7,1
-2.74,3,7,1
-2.73,3,7,1
-2.72,3,7,1
-2.71,3,7,1
-2.7,3,7,1
-2.69,3,7,1
-2.68,3,7,1
-2.67,3,7,1
-2.66,3,7,1
-2.65,3,7,1
-2.64,3,7,1
-2.63,3,7,1
-2.62,3,7,1
-2.61,3,7,1
-2.6,3,7,1
-2.59,3,7,1
-2.58,3,7,1
-2.57,3,7,1
-2.56,3,7,1
-2.55,3,7,1
-2.54,3,7,1
-2.53,3,7,1
-2.52,3,7,1
-2.51,3,7,1
-2.5,3,7,1
-2.49,3,7,1
-2.48,3,7,1
-2.47,3,7,1
-2.46,3,7,1
-2.45,3,7,1
-2.44,3,7,1
-2.43,3,7,1
-2.42,3,7,1
-2.41,3,7,1
-2.4,3,7,1
-2.39,3,7,1
-2.38,3,7,1
-2.37,3,7,1
-2.36,3,7,1
-2.35,3,7,1
-2.34,3,7,1
-2.33,3,7,1
-2.32,3,7,1
-2.31,3,7,1
-2.3,3,7,1
-2.29,3,7,1
-2.28,3,7,1
-2.27,3,7,1
-2.26,3,7,1
-2.25,3,7,1
-2.24,3,7,1
-2.23,3,7,1
-2.22,3,7,1
-2.21,3,7,1
-2.2,3,7,1
-2.19,3,7,1
-2.18,3,7,1
-2.17,3,7,1
-2.16,3,7,1
-2.15,3,7,1
-2.14,3,7,1
-2.13,3,7,1
-2.12,3,7,1
-2.11,3,7,1
-2.1,3,7,1
-2.09,3,7,1
-2.08,3,7,1
-2.07,3,7,1
-2.06,3,7,1
-2.05,3,7,1
-2.04,3,7,1
-2.03,3,7,1
-2.02,3,7,1
-2.01,3,7,1
-2,3,7,1
-1.99,3,7,1
-1.98,3,7,1
-1.97,3,7,1
-1.96,3,7,1
-1.95,3,7,1
-1.94,3,7,1
-1.93,3,7,1
-1.92,3,7,1
-1.91,3,7,1
-1.9,3,7,1
-1.89,3,7,1
-1.88,3,7,1
-1.87,3,7,1
-1.86,3,7,1
-1.85,3,7,1
-1.84,3,7,1
-1.83,3,7,1
-1.82,3,7,1
-1.81,3,7,1
-1.8,3,7,1
-1.79,3,7,1
-1.78,3,7,1
-1.77,3,7,1
-1.76,3,7,1
-1.75,3,7,1
-1.74,3,7,1
-1.73,3,7,1
-1.72,3,7,1
-1.71,3,7,1
-1.7,3,7,1
-1.69,3,7,1
-1.68,3,7,1
-1.67,3,7,1
-1.66,3,7,1
-1.65,3,7,1
-1.64,3,7,1
-1.63,3,7,1
-1.62,3,7,1
-1.61,3,7,1
-1.6,3,7,1
-1.59,3,7,1
-1.58,3,7,1
-1.57,3,7,1
-1.56,3,7,1
-1.55,3,7,1
-1.54,3,7,1
-1.53,3,7,1
-1.52,3,7,1
-1.51,3,7,1
-1.5,3,7,1
-1.49,3,7,1
-1.48,3,7,1
-1.47,3,7,1
-1.46,3,7,1
-1.45,3,7,1
-1.44,3,7,1
-1.43,3,7,1
-1.42,3,7,1
-1.41,3,7,1
-1.4,3,7,1
-1.39,3,7,1
-1.38,3,7,1
-1.37,3,7,1
-1.36,3,7,1
-1.35,3,7,1
-1.34,3,7,1
-1.33,3,7,1
-1.32,3,7,1
-1.31,3,7,1
-1.3,3,7,1
-1.29,3,7,1
-1.28,3,7,1
-1.27,3,7,1
-1.26,3,7,1
-1.25,3,7,1
-1.24,3,7,1
-1.23,3,7,1
-1.22,3,7,1
-1.21,3,7,1
-1.2,3,7,1
-1.19,3,7,1
-1.18,3,7,1
-1.17,3,7,1
-1.16,3,7,1
-1.15,3,7,1
-1.14,3,7,1
-1.13,3,7,1
-1.12,3,7,1
-1.11,3,7,1
-1.1,3,7,1
-1.09,3,7,1
-1.08,3,7,1
-1.07,3,7,1
-1.06,3,7,1
-1.05,3,7,1
-1.04,3,7,1
-1.03,3,7,1
-1.02,3,7,1
-1.01,3,7,1
-1,3,7,1
-0.99,3,7,1
-0.98,3,7,1
-0.97,3,7,1
-0.96,3,7,1
-0.95,3,7,1
-0.94,3,7,1
-0.93,3,7,1
-0.92,3,7,1
-0.91,3,7,1
-0.9,3,7,1
-0.89,3,7,1
-0.88,3,7,1
-0.87,3,7,1
-0.86,3,7,1
-0.85,3,7,1
-0.84,3,7,1
-0.83,3,7,1
-0.82,3,7,1
-0.81,3,7,1
-0.8,3,7,1
-0.79,3,7,1
-0.78,3,7,1
-0.77,3,7,1
-0.76,3,7,1
-0.75,3,7,1
-0.74,3,7,1
-0.73,3,7,1
-0.72,3,7,1
-0.71,3,7,1
-0.7,3,7,1
-0.69,3,7,1
-0.68,3,7,1
-0.67,3,7,1
-0.66,3,7,1
-0.65,3,7,1
-0.64,3,7,1
-0.63,3,7,1
-0.62,3,7,1
-0.61,3,7,1
-0.6,3,7,1
-0.59,3,7,1
-0.58,3,7,1
-0.57,3,7,1
-0.56,3,7,1
-0.55,3,7,1
-0.54,3,7,1
-0.53,3,7,1
-0.52,3,7,1
-0.51,3,7,1
-0.5,3,7,1
-0.49,3,7,1
-0.48,3,7,1
-0.47,3,7,1
-0.46,3,7,1
-0.45,3,7,1
-0.44,3,7,1
-0.43,3,7,1
-0.42,3,7,1
-0.41,3,7,1
-0.4,3,7,1
-0.39,3,7,1
-0.38,3,7,1
-0.37,3,7,1
-0.36,3,7,1
-0.35,3,7,1
-0.34,3,7,1
-0.33,3,7,1
-0.32,3,7,1
-0.31,3,7,1
-0.3,3,7,1
-0.29,3,7,1
-0.28,3,7,1
-0.27,3,7,1
-0.26,3,7,1
-0.25,3,7,1
-0.24,3,7,1
-0.23,3,7,1
-0.22,3,7,1
-0.21,3,7,1
-0.2,3,7,1
-0.19,3,7,1
-0.18,3,7,1
-0.17,3,7,1
-0.16,3,7,1
-0.15,3,7,1
-0.14,3,7,1
-0.13,3,7,1
-0.12,3,7,1
-0.11,3,7,1
-0.1,3,7,1
-0.09,3,7,1
-0.08,3,7,1
-0.07,3,7,1
-0.06,3,7,1
-0.05,3,7,1
-0.04,3,7,1
-0.03,3,7,1
-0.02,3,7,1
-0.01,3,7,1
0,3,7,1
0.01,3,7,1
0.02,3,7,1
0.03,3,7,1
0.04,3,7,1
0.05,3,7,1
0.06,3,7,1
0.07,3,7,1
0.08,3,7,1
0.09,3,7,1
0.1,3,7,1
0.11,3,7,1
0.12,3,7,1
0.13,3,7,1
0.14,3,7,1
0.15,3,7,1
0.16,3,7,1
0.17,3,7,1
0.18,3,7,1
0.19,3,7,1
0.2,3,7,1
0.21,3,7,1
0.22,3,7,1
0.23,3,7,1
0.24,3,7,1
0.25,3,7,1
0.26,3,7,1
0.27,3,7,1
0.28,3,7,1
0.29,3,7,1
0.3,3,7,1
0.31,3,7,1
0.32,3,7,1
0.33,3,7,1
0.34,3,7,1
0.35,3,7,1
0.36,3,7,1
0.37,3,7,1
0.38,3,7,1
0.39,3,7,1
0.4,3,7,1
0.41,3,7,1
0.42,3,7,1
0.43,3,7,1
0.44,3,7,1
0.45,3,7,1
0.46,3,7,1
0.47,3,7,1
0.48,3,7,1
0.49,3,7,1
0.5,3,7,1
0.51,3,7,1
0.52,3,7,1
0.53,3,7,1
0.54,3,7,1
0.55,3,7,1
0.56,3,7,1
0.57,3,7,1
0.58,3,7,1
0.59,3,7,1
0.6,3,7,1
0.61,3,7,1
0.62,3,7,1
0.63,3,7,1
0.64,3,7,1
0.65,3,7,1
0.66,3,7,1
0.67,3,7,1
0.68,3,7,1
0.69,3,7,1
0.7,3,7,1
0.71,3,7,1
0.72,3,7,1
0.73,3,7,1
0.74,3,7,1
0.75,3,7,1
0.76,3,7,1
0.77,3,7,1
0.78,3,7,1
0.79,3,7,1
0.8,3,7,1
0.81,3,7,1
0.82,3,7,1
0.83,3,7,1
0.84,3,7,1
0.85,3,7,1
0.86,3,7,1
0.87,3,7,1
0.88,3,7,1
0.89,3,7,1
0.9,3,7,1
0.91,3,7,1
0.92,3,7,1
0.93,3,7,1
0.94,3,7,1
0.95,3,7,1
0.96,3,7,1
0.97,3,7,1
0.98,3,7,1
0.99,3,7,1
1,3,7,1
1.01,3,7,1
1.02,3,7,1
1.03,3,7,1
1.04,3,7,1
1.05,3,7,1
1.06,3,7,1
1.07,3,7,1
1.08,3,7,1
1.09,3,7,1
1.1,3,7,1
1.11,3,7,1
1.12,3,7,1
1.13,3,7,1
1.14,3,7,1
1.15,3,7,1
1.16,3,7,1
1.17,3,7,1
1.18,3,7,1
1.19,3,7,1
1.2,3,7,1
1.21,3,7,1
1.22,3,7,1
1.23,3,7,1
1.24,3,7,1
1.25,3,7,1
1.26,3,7,1
1.27,3,7,1
1.28,3,7,1
1.29,3,7,1
1.3,3,7,1
1.31,3,7,1
1.32,3,7,1
1.33,3,7,1
1.34,3,7,1
1.35,3,7,1
1.36,3,7,1
1.37,3,7,1
1.38,3,7,1
1.39,3,7,1
1.4,3,7,1
1.41,3,7,1
1.42,3,7,1
1.43,3,7,1
1.44,3,7,1
1.45,3,7,1
1.46,3,7,1
1.47,3,7,1
1.48,3,7,1
1.49,3,7,1
1.5,3,7,1
1.51,3,7,1
1.52,3,7,1
1.53,3,7,1
1.54,3,7,1
1.55,3,7,1
1.56,3,7,1
1.57,3,7,1
1.58,3,7,1
1.59,3,7,1
1.6,3,7,1
1.61,3,7,1
1.62,3,7,1
1.63,3,7,1
1.64,3,7,1
1.65,3,7,1
1.66,3,7,1
1.67,3,7,1
1.68,3,7,1
1.69,3,7,1
1.7,3,7,1
1.71,3,7,1
1.72,3,7,1
1.73,3,7,1
1.74,3,7,1
1.75,3,7,1
1.76,3,7,1
1.77,3,7,1
1.78,3,7,1
1.79,3,7,1
1.8,3,7,1
1.81,3,7,1
1.82,3,7,1
1.83,3,7,1
1.84,3,7,1
1.85,3,7,1
1.86,3,7,1
1.87,3,7,1
1.88,3,7,1
1.89,3,7,1
1.9,3,7,1
1.91,3,7,1
1.92,3,7,1
1.93,3,7,1
1.94,3,7,1
1.95,3,7,1
1.96,3,7,1
1.97,3,7,1
1.98,3,7,1
1.99,3,7,1
2,3,7,1
2.01,3,7,1
2.02,3,7,1
2.03,3,7,1
2.04,3,7,1
2.05,3,7,1
2.06,3,7,1
2.07,3,7,1
2.08,3,7,1
2.09,3,7,1
2.1,3,7,1
2.11,3,7,1
2.12,3,7,1
2.13,3,7,1
2.14,3,7,1
2.15,3,7,1
2.16,3,7,1
2.17,3,7,1
2.18,3,7,1
2.19,3,7,1
2.2,3,7,1
2.21,3,7,1
2.22,3,7,1
2.23,3,7,1
2.24,3,7,1
2.25,3,7,1
2.26,3,7,1
2.27,3,7,1
2.28,3,7,1
2.29,3,7,1
2.3,3,7,1
2.31,3,7,1
2.32,3,7,1
2.33,3,7,1
2.34,3,7,1
2.35,3,7,1
2.36,3,7,1
2.37,3,7,1
2.38,3,7,1
2.39,3,7,1
2.4,3,7,1
2.41,3,7,1
2.42,3,7,1
2.43,3,7,1
2.44,3,7,1
2.45,3,7,1
2.46,3,7,1
2.47,3,7,1
2.48,3,7,1
2.49,3,7,1
2.5,3,7,1
2.51,3,7,1
2.52,3,7,1
2.53,3,7,1
2.54,3,7,1
2.55,3,7,1
2.56,3,7,1
2.57,3,7,1
2.58,3,7,1
2.59,3,7,1
2.6,3,7,1
2.61,3,7,1
2.62,3,7,1
2.63,3,7,1
2.64,3,7,1
2.65,3,7,1
2.66,3,7,1
2.67,3,7,1
2.68,3,7,1
2.69,3,7,1
2.7,3,7,1
2.71,3,7,1
2.72,3,7,1
2.73,3,7,1
2.74,3,7,1
2.75,3,7,1
2.76,3,7,1
2.77,3,7,1
2.78,3,7,1
2.79,3,7,1
2.8,3,7,1
2.81,3,7,1
2.82,3,7,1
2.83,3,7,1
2.84,3,7,1
2.85,3,7,1
2.86,3,7,1
2.87,3,7,1
2.88,3,7,1
2.89,3,7,1
2.9,3,7,1
2.91,3,7,1
2.92,3,7,1
2.93,3,7,1
2.94,3,7,1
2.95,3,7,1
2.96,3,7,1
2.97,3,7,1
2.98,3,7,1
2.99,3,7,1
3,3,7,1
3.01,3,7,1
3.02,3,7,1
3.03,3,7,1
3.04,3,7,1
3.05,3,7,1
3.06,3,7,1
3.07,3,7,1
3.08,3,7,1
3.09,3,7,1
3.1,3,7,1
3.11,3,7,1
3.12,3,7,1
3.13,3,7,1
3.14,3,7,1
3.15,3,7,1
3.16,3,7,1
3.17,3,7,1
3.18,3,7,1
3.19,3,7,1
3.2,3,7,1
3.21,3,7,1
3.22,3,7,1
3.23,3,7,1
3.24,3,7,1
3.25,3,7,1
3.26,3,7,1
3.27,3,7,1
3.28,3,7,1
3.29,3,7,1
3.3,3,7,1
3.31,3,7,1
3.32,3,7,1
3.33,3,7,1
3.34,3,7,1
3.35,3,7,1
3.36,3,7,1
3.37,3,7,1
3.38,3,7,1
3.39,3,7,1
3.4,3,7,1
3.41,3,7,1
3.42,3,7,1
3.43,3,7,1
3.44,3,7,1
3.45,3,7,1
3.46,3,7,1
3.47,3,7,1
3.48,3,7,1
3.49,3,7,1
3.5,3,7,1
3.51,3,7,1
3.52,3,7,1
3.53,3,7,1
3.54,3,7,1
3.55,3,7,1
3.56,3,7,1
3.57,3,7,1
3.58,3,7,1
3.59,3,7,1
3.6,3,7,1
3.61,3,7,1
3.62,3,7,1
3.63,3,7,1
3.64,3,7,1
3.65,3,7,1
3.66,3,7,1
3.67,3,7,1
3.68,3,7,1
3.69,3,7,1
3.7,3,7,1
3.71,3,7,1
3.72,3,7,1
3.73,3,7,1
3.74,3,7,1
3.75,3,7,1
3.76,3,7,1
3.77,3,7,1
3.78,3,7,1
3.79,3,7,1
3.8,3,7,1
3.81,3,7,1
3.82,3,7,1
3.83,3,7,1
3.84,3,7,1
3.85,3,7,1
3.86,3,7,1
3.87,3,7,1
3.88,3,7,1
3.89,3,7,1
3.9,3,7,1
3.91,3,7,1
3.92,3,7,1
3.93,3,7,1
3.94,3,7,1
3.95,3,7,1
3.96,3,7,1
3.97,3,7,1
3.98,3,7,1
3.99,3,7,1
4,3,7,1
4.01,3,7,1
4.02,3,7,1
4.03,3,7,1
4.04,3,7,1
4.05,3,7,1
4.06,3,7,1
4.07,3,7,1
4.08,3,7,1
4.09,3,7,1
4.1,3,7,1
4.11,3,7,1
4.12,3,7,1
4.13,3,7,1
4.14,3,7,1
4.15,3,7,1
4.16,3,7,1
4.17,3,7,1
4.18,3,7,1
4.19,3,7,1
4.2,3,7,1
4.21,3,7,1
4.22,3,7,1
4.23,3,7,1
4.24,3,7,1
4.25,3,7,1
4.26,3,7,1
4.27,3,7,1
4.28,3,7,1
4.29,3,7,1
4.3,3,7,1
4.31,3,7,1
4.32,3,7,1
4.33,3,7,1
4.34,3,7,1
4.35,3,7,1
4.36,3,7,1
4.37,3,7,1
4.38,3,7,1
4.39,3,7,1
4.4,3,7,1
4.41,3,7,1
4.42,3,7,1
4.43,3,7,1
4.44,3,7,1
4.45,3,7,1
4.46,3,7,1
4.47,3,7,1
4.48,3,7,1
4.49,3,7,1
4.5,3,7,1
4.51,3,7,1
4.52,3,7,1
4.53,3,7,1
4.54,3,7,1
4.55,3,7,1
4.56,3,7,1
4.57,3,7,1
4.58,3,7,1
4.59,3,7,1
4.6,3,7,1
4.61,3,7,1
4.62,3,7,1
4.63,3,7,1
4.64,3,7,1
4.65,3,7,1
4.66,3,7,1
4.67,3,7,1
4.68,3,7,1
4.69,3,7,1
4.7,3,7,1
4.71,3,7,1
4.72,3,7,1
4.73,3,7,1
4.74,3,7,1
4.75,3,7,1
4.76,3,7,1
4.77,3,7,1
4.78,3,7,1
4.79,3,7,1
4.8,3,7,1
4.81,3,7,1
4.82,3,7,1
4.83,3,7,1
4.84,3,7,1
4.85,3,7,1
4.86,3,7,1
4.87,3,7,1
4.88,3,7,1
4.89,3,7,1
4.9,3,7,1
4.91,3,7,1
4.92,3,7,1
4.93,3,7,1
4.94,3,7,1
4.95,3,7,1
4.96,3,7,1
4.97,3,7,1
4.98,3,7,1
4.99,3,7,1
5,3,7,1
5.01,3,7,1
5.02,3,7,1
5.03,3,7,1
5.04,3,7,1
5.05,3,7,1
5.06,3,7,1
5.07,3,7,1
5.08,3,7,1
5.09,3,7,1
5.1,3,7,1
5.11,3,7,1
5.12,3,7,1
5.13,3,7,1
5.14,3,7,1
5.15,3,7,1
5.16,3,7,1
5.17,3,7,1
5.18,3,7,1
5.19,3,7,1
5.2,3,7,1
5.21,3,7,1
5.22,3,7,1
5.23,3,7,1
5.24,3,7,1
5.25,3,7,1
5.26,3,7,1
5.27,3,7,1
5.28,3,7,1
5.29,3,7,1
5.3,3,7,1
5.31,3,7,1
5.32,3,7,1
5.33,3,7,1
5.34,3,7,1
5.35,3,7,1
5.36,3,7,1
5.37,3,7,1
5.38,3,7,1
5.39,3,7,1
5.4,3,7,1
5.41,3,7,1
5.42,3,7,1
5.43,3,7,1
5.44,3,7,1
5.45,3,7,1
5.46,3,7,1
5.47,3,7,1
5.48,3,7,1
5.49,3,7,1
5.5,3,7,1
5.51,3,7,1
5.52,3,7,1
5.53,3,7,1
5.54,3,7,1
5.55,3,7,1
5.56,3,7,1
5.57,3,7,1
5.58,3,7,1
5.59,3,7,1
5.6,3,7,1
5.61,3,7,1
5.62,3,7,1
5.63,3,7,1
5.64,3,7,1
5.65,3,7,1
5.66,3,7,1
5.67,3,7,1
5.68,3,7,1
5.69,3,7,1
5.7,3,7,1
5.71,3,7,1
5.72,3,7,1
5.73,3,7,1
5.74,3,7,1
5.75,3,7,1
5.76,3,7,1
5.77,3,7,1
5.78,3,7,1
5.79,3,7,1
5.8,3,7,1
5.81,3,7,1
5.82,3,7,1
5.83,3,7,1
5.84,3,7,1
5.85,3,7,1
5.86,3,7,1
5.87,3,7,1
5.88,3,7,1
5.89,3,7,1
5.9,3,7,1
5.91,3,7,1
5.92,3,7,1
5.93,3,7,1
5.94,3,7,1
5.95,3,7,1
5.96,3,7,1
5.97,3,7,1
5.98,3,7,1
5.99,3,7,1
6,3,7,1
-6,0,7,1
-5.99,0,7,1
-5.98,0,7,1
-5.97,0,7,1
-5.96,0,7,1
-5.95,0,7,1
-5.94,0,7,1
-5.93,0,7,1
-5.92,0,7,1
-5.91,0,7,1
-5.9,0,7,1
-5.89,0,7,1
-5.88,0,7,1
-5.87,0,7,1
-5.86,0,7,1
-5.85,0,7,1
-5.84,0,7,1
-5.83,0,7,1
-5.82,0,7,1
-5.81,0,7,1
-5.8,0,7,1
-5.79,0,7,1
-5.78,0,7,1
-5.77,0,7,1
-5.76,0,7,1
-5.75,0,7,1
-5.74,0,7,1
-5.73,0,7,1
-5.72,0,7,1
-5.71,0,7,1
-5.7,0,7,1
-5.69,0,7,1
-5.68,0,7,1
-5.67,0,7,1
-5.66,0,7,1
-5.65,0,7,1
-5.64,0,7,1
-5.63,0,7,1
-5.62,0,7,1
-5.61,0,7,1
-5.6,0,7,1
-5.59,0,7,1
-5.58,0,7,1
-5.57,0,7,1
-5.56,0,7,1
-5.55,0,7,1
-5.54,0,7,1
-5.53,0,7,1
-5.52,0,7,1
-5.51,0,7,1
-5.5,0,7,1
-5.49,0,7,1
-5.48,0,7,1
-5.47,0,7,1
-5.46,0,7,1
-5.45,0,7,1
-5.44,0,7,1
-5.43,0,7,1
-5.42,0,7,1
-5.41,0,7,1
-5.4,0,7,1
-5.39,0,7,1
-5.38,0,7,1
-5.37,0,7,1
-5.36,0,7,1
-5.35,0,7,1
-5.34,0,7,1
-5.33,0,7,1
-5.32,0,7,1
-5.31,0,7,1
-5.3,0,7,1
-5.29,0,7,1
-5.28,0,7,1
-5.27,0,7,1
-5.26,0,7,1
-5.25,0,7,1
-5.24,0,7,1
-5.23,0,7,1
-5.22,0,7,1
-5.21,0,7,1
-5.2,0,7,1
-5.19,0,7,1
-5.18,0,7,1
-5.17,0,7,1
-5.16,0,7,1
-5.15,0,7,1
-5.14,0,7,1
-5.13,0,7,1
-5.12,0,7,1
-5.11,0,7,1
-5.1,0,7,1
-5.09,0,7,1
-5.08,0,7,1
-5.07,0,7,1
-5.06,0,7,1
-5.05,0,7,1
-5.04,0,7,1
-5.03,0,7,1
-5.02,0,7,1
-5.01,0,7,1
-5,0,7,1
-4.99,0,7,1
-4.98,0,7,1
-4.97,0,7,1
-4.96,0,7,1
-4.95,0,7,1
-4.94,0,7,1
-4.93,0,7,1
-4.92,0,7,1
-4.91,0,7,1
-4.9,0,7,1
-4.89,0,7,1
-4.88,0,7,1
-4.87,0,7,1
-4.86,0,7,1
-4.85,0,7,1
-4.84,0,7,1
-4.83,0,7,1
-4.82,0,7,1
-4.81,0,7,1
-4.8,0,7,1
-4.79,0,7,1
-4.78,0,7,1
-4.77,0,7,1
-4.76,0,7,1
-4.75,0,7,1
-4.74,0,7,1
-4.73,0,7,1
-4.72,0,7,1
-4.71,0,7,1
-4.7,0,7,1
-4.69,0,7,1
-4.68,0,7,1
-4.67,0,7,1
-4.66,0,7,1
-4.65,0,7,1
-4.64,0,7,1
-4.63,0,7,1
-4.62,0,7,1
-4.61,0,7,1
-4.6,0,7,1
-4.59,0,7,1
-4.58,0,7,1
-4.57,0,7,1
-4.56,0,7,1
-4.55,0,7,1
-4.54,0,7,1
-4.53,0,7,1
-4.52,0,7,1
-4.51,0,7,1
-4.5,0,7,1
-4.49,0,7,1
-4.48,0,7,1
-4.47,0,7,1
-4.46,0,7,1
-4.45,0,7,1
-4.44,0,7,1
-4.43,0,7,1
-4.42,0,7,1
-4.41,0,7,1
-4.4,0,7,1
-4.39,0,7,1
-4.38,0,7,1
-4.37,0,7,1
-4.36,0,7,1
-4.35,0,7,1
-4.34,0,7,1
-4.33,0,7,1
-4.32,0,7,1
-4.31,0,7,1
-4.3,0,7,1
-4.29,0,7,1
-4.28,0,7,1
-4.27,0,7,1
-4.26,0,7,1
-4.25,0,7,1
-4.24,0,7,1
-4.23,0,7,1
-4.22,0,7,1
-4.21,0,7,1
-4.2,0,7,1
-4.19,0,7,1
-4.18,0,7,1
-4.17,0,7,1
-4.16,0,7,1
-4.15,0,7,1
-4.14,0,7,1
-4.13,0,7,1
-4.12,0,7,1
-4.11,0,7,1
-4.1,0,7,1
-4.09,0,7,1
-4.08,0,7,1
-4.07,0,7,1
-4.06,0,7,1
-4.05,0,7,1
-4.04,0,7,1
-4.03,0,7,1
-4.02,0,7,1
-4.01,0,7,1
-4,0,7,1
-3.99,0,7,1
-3.98,0,7,1
-3.97,0,7,1
-3.96,0,7,1
-3.95,0,7,1
-3.94,0,7,1
-3.93,0,7,1
-3.92,0,7,1
-3.91,0,7,1
-3.9,0,7,1
-3.89,0,7,1
-3.88,0,7,1
-3.87,0,7,1
-3.86,0,7,1
-3.85,0,7,1
-3.84,0,7,1
-3.83,0,7,1
-3.82,0,7,1
-3.81,0,7,1
-3.8,0,7,1
-3.79,0,7,1
-3.78,0,7,1
-3.77,0,7,1
-3.76,0,7,1
-3.75,0,7,1
-3.74,0,7,1
-3.73,0,7,1
-3.72,0,7,1
-3.71,0,7,1
-3.7,0,7,1
-3.69,0,7,1
-3.68,0,7,1
-3.67,0,7,1
-3.66,0,7,1
-3.65,0,7,1
-3.64,0,7,1
-3.63,0,7,1
-3.62,0,7,1
-3.61,0,7,1
-3.6,0,7,1
-3.59,0,7,1
-3.58,0,7,1
-3.57,0,7,1
-3.56,0,7,1
-3.55,0,7,1
-3.54,0,7,1
-3.53,0,7,1
-3.52,0,7,1
-3.51,0,7,1
-3.5,0,7,1
-3.49,0,7,1
-3.48,0,7,1
-3.47,0,7,1
-3.46,0,7,1
-3.45,0,7,1
-3.44,0,7,1
-3.43,0,7,1
-3.42,0,7,1
-3.41,0,7,1
-3.4,0,7,1
-3.39,0,7,1
-3.38,0,7,1
-3.37,0,7,1
-3.36,0,7,1
-3.35,0,7,1
-3.34,0,7,1
-3.33,0,7,1
-3.32,0,7,1
-3.31,0,7,1
-3.3,0,7,1
-3.29,0,7,1
-3.28,0,7,1
-3.27,0,7,1
-3.26,0,7,1
-3.25,0,7,1
-3.24,0,7,1
-3.23,0,7,1
-3.22,0,7,1
-3.21,0,7,1
-3.2,0,7,1
-3.19,0,7,1
-3.18,0,7,1
-3.17,0,7,1
-3.16,0,7,1
-3.15,0,7,1
-3.14,0,7,1
-3.13,0,7,1
-3.12,0,7,1
-3.11,0,7,1
-3.1,0,7,1
-3.09,0,7,1
-3.08,0,7,1
-3.07,0,7,1
-3.06,0,7,1
-3.05,0,7,1
-3.04,0,7,1
-3.03,0,7,1
-3.02,0,7,1
-3.01,0,7,1
-3,0,7,1
-2.99,0,7,1
-2.98,0,7,1
-2.97,0,7,1
-2.96,0,7,1
-2.95,0,7,1
-2.94,0,7,1
-2.93,0,7,1
-2.92,0,7,1
-2.91,0,7,1
-2.9,0,7,1
-2.89,0,7,1
-2.88,0,7,1
-2.87,0,7,1
-2.86,0,7,1
-2.85,0,7,1
-2.84,0,7,1
-2.83,0,7,1
-2.82,0,7,1
-2.81,0,7,1
-2.8,0,7,1
-2.79,0,7,1
-2.78,0,7,1
-2.77,0,7,1
-2.76,0,7,1
-2.75,0,7,1
-2.74,0,7,1
-2.73,0,7,1
-2.72,0,7,1
-2.71,0,7,1
-2.7,0,7,1
-2.69,0,7,1
-2.68,0,7,1
-2.67,0,7,1
-2.66,0,7,1
-2.65,0,7,1
-2.64,0,7,1
-2.63,0,7,1
-2.62,0,7,1
-2.61,0,7,1
-2.6,0,7,1
-2.59,0,7,1
-2.58,0,7,1
-2.57,0,7,1
-2.56,0,7,1
-2.55,0,7,1
-2.54,0,7,1
-2.53,0,7,1
-2.52,0,7,1
-2.51,0,7,1
-2.5,0,7,1
-2.49,0,7,1
-2.48,0,7,1
-2.47,0,7,1
-2.46,0,7,1
-2.45,0,7,1
-2.44,0,7,1
-2.43,0,7,1
-2.42,0,7,1
-2.41,0,7,1
-2.4,0,7,1
-2.39,0,7,1
-2.38,0,7,1
-2.37,0,7,1
-2.36,0,7,1
-2.35,0,7,1
-2.34,0,7,1
-2.33,0,7,1
-2.32,0,7,1
-2.31,0,7,1
-2.3,0,7,1
-2.29,0,7,1
-2.28,0,7,1
-2.27,0,7,1
-2.26,0,7,1
-2.25,0,7,1
-2.24,0,7,1
-2.23,0,7,1
-2.22,0,7,1
-2.21,0,7,1
-2.2,0,7,1
-2.19,0,7,1
-2.18,0,7,1
-2.17,0,7,1
-2.16,0,7,1
-2.15,0,7,1
-2.14,0,7,1
-2.13,0,7,1
-2.12,0,7,1
-2.11,0,7,1
-2.1,0,7,1
-2.09,0,7,1
-2.08,0,7,1
-2.07,0,7,1
-2.06,0,7,1
-2.05,0,7,1
-2.04,0,7,1
-2.03,0,7,1
-2.02,0,7,1
-2.01,0,7,1
-2,0,7,1
-1.99,0,7,1
-1.98,0,7,1
-1.97,0,7,1
-1.96,0,7,1
-1.95,0,7,1
-1.94,0,7,1
-1.93,0,7,1
-1.92,0,7,1
-1.91,0,7,1
-1.9,0,7,1
-1.89,0,7,1
-1.88,0,7,1
-1.87,0,7,1
-1.86,0,7,1
-1.85,0,7,1
-1.84,0,7,1
-1.83,0,7,1
-1.82,0,7,1
-1.81,0,7,1
-1.8,0,7,1
-1.79,0,7,1
-1.78,0,7,1
-1.77,0,7,1
-1.76,0,7,1
-1.75,0,7,1
-1.74,0,7,1
-1.73,0,7,1
-1.72,0,7,1
-1.71,0,7,1
-1.7,0,7,1
-1.69,0,7,1
-1.68,0,7,1
-1.67,0,7,1
-1.66,0,7,1
-1.65,0,7,1
-1.64,0,7,1
-1.63,0,7,1
-1.62,0,7,1
-1.61,0,7,1
-1.6,0,7,1
-1.59,0,7,1
-1.58,0,7,1
-1.57,0,7,1
-1.56,0,7,1
-1.55,0,7,1
-1.54,0,7,1
-1.53,0,7,1
-1.52,0,7,1
-1.51,0,7,1
-1.5,0,7,1
-1.49,0,7,1
-1.48,0,7,1
-1.47,0,7,1
-1.46,0,7,1
-1.45,0,7,1
-1.44,0,7,1
-1.43,0,7,1
-1.42,0,7,1
-1.41,0,7,1
-1.4,0,7,1
-1.39,0,7,1
-1.38,0,7,1
-1.37,0,7,1
-1.36,0,7,1
-1.35,0,7,1
-1.34,0,7,1
-1.33,0,7,1
-1.32,0,7,1
-1.31,0,7,1
-1.3,0,7,1
-1.29,0,7,1
-1.28,0,7,1
-1.27,0,7,1
-1.26,0,7,1
-1.25,0,7,1
-1.24,0,7,1
-1.23,0,7,1
-1.22,0,7,1
-1.21,0,7,1
-1.2,0,7,1
-1.19,0,7,1
-1.18,0,7,1
-1.17,0,7,1
-1.16,0,7,1
-1.15,0,7,1
-1.14,0,7,1
-1.13,0,7,1
-1.12,0,7,1
-1.11,0,7,1
-1.1,0,7,1
-1.09,0,7,1
-1.08,0,7,1
-1.07,0,7,1
-1.06,0,7,1
-1.05,0,7,1
-1.04,0,7,1
-1.03,0,7,1
-1.02,0,7,1
-1.01,0,7,1
-1,0,7,1
-0.99,0,7,1
-0.98,0,7,1
-0.97,0,7,1
-0.96,0,7,1
-0.95,0,7,1
-0.94,0,7,1
-0.93,0,7,1
-0.92,0,7,1
-0.91,0,7,1
-0.9,0,7,1
-0.89,0,7,1
-0.88,0,7,1
-0.87,0,7,1
-0.86,0,7,1
-0.85,0,7,1
-0.84,0,7,1
-0.83,0,7,1
-0.82,0,7,1
-0.81,0,7,1
-0.8,0,7,1
-0.79,0,7,1
-0.78,0,7,1
-0.77,0,7,1
-0.76,0,7,1
-0.75,0,7,1
-0.74,0,7,1
-0.73,0,7,1
-0.72,0,7,1
-0.71,0,7,1
-0.7,0,7,1
-0.69,0,7,1
-0.68,0,7,1
-0.67,0,7,1
-0.66,0,7,1
-0.65,0,7,1
-0.64,0,7,1
-0.63,0,7,1
-0.62,0,7,1
-0.61,0,7,1
-0.6,0,7,1
-0.59,0,7,1
-0.58,0,7,1
-0.57,0,7,1
-0.56,0,7,1
-0.55,0,7,1
-0.54,0,7,1
-0.53,0,7,1
-0.52,0,7,1
-0.51,0,7,1
-0.5,0,7,1
-0.49,0,7,1
-0.48,0,7,1
-0.47,0,7,1
-0.46,0,7,1
-0.45,0,7,1
-0.44,0,7,1
-0.43,0,7,1
-0.42,0,7,1
-0.41,0,7,1
-0.4,0,7,1
-0.39,0,7,1
-0.38,0,7,1
-0.37,0,7,1
-0.36,0,7,1
-0.35,0,7,1
-0.34,0,7,1
-0.33,0,7,1
-0.32,0,7,1
-0.31,0,7,1
-0.3,0,7,1
-0.29,0,7,1
-0.28,0,7,1
-0.27,0,7,1
-0.26,0,7,1
-0.25,0,7,1
-0.24,0,7,1
-0.23,0,7,1
-0.22,0,7,1
-0.21,0,7,1
-0.2,0,7,1
-0.19,0,7,1
-0.18,0,7,1
-0.17,0,7,1
-0.16,0,7,1
-0.15,0,7,1
-0.14,0,7,1
-0.13,0,7,1
-0.12,0,7,1
-0.11,0,7,1
-0.1,0,7,1
-0.09,0,7,1
-0.08,0,7,1
-0.07,0,7,1
-0.06,0,7,1
-0.05,0,7,1
-0.04,0,7,1
-0.03,0,7,1
-0.02,0,7,1
-0.01,0,7,1
0,0,7,1
0.01,0,7,1
0.02,0,7,1
0.03,0,7,1
0.04,0,7,1
0.05,0,7,1
0.06,0,7,1
0.07,0,7,1
0.08,0,7,1
0.09,0,7,1
0.1,0,7,1
0.11,0,7,1
0.12,0,7,1
0.13,0,7,1
0.14,0,7,1
0.15,0,7,1
0.16,0,7,1
0.17,0,7,1
0.18,0,7,1
0.19,0,7,1
0.2,0,7,1
0.21,0,7,1
0.22,0,7,1
0.23,0,7,1
0.24,0,7,1
0.25,0,7,1
0.26,0,7,1
0.27,0,7,1
0.28,0,7,1
0.29,0,7,1
0.3,0,7,1
0.31,0,7,1
0.32,0,7,1
0.33,0,7,1
0.34,0,7,1
0.35,0,7,1
0.36,0,7,1
0.37,0,7,1
0.38,0,7,1
0.39,0,7,1
0.4,0,7,1
0.41,0,7,1
0.42,0,7,1
0.43,0,7,1
0.44,0,7,1
0.45,0,7,1
0.46,0,7,1
0.47,0,7,1
0.48,0,7,1
0.49,0,7,1
0.5,0,7,1
0.51,0,7,1
0.52,0,7,1
0.53,0,7,1
0.54,0,7,1
0.55,0,7,1
0.56,0,7,1
0.57,0,7,1
0.58,0,7,1
0.59,0,7,1
0.6,0,7,1
0.61,0,7,1
0.62,0,7,1
0.63,0,7,1
0.64,0,7,1
0.65,0,7,1
0.66,0,7,1
0.67,0,7,1
0.68,0,7,1
0.69,0,7,1
0.7,0,7,1
0.71,0,7,1
0.72,0,7,1
0.73,0,7,1
0.74,0,7,1
0.75,0,7,1
0.76,0,7,1
0.77,0,7,1
0.78,0,7,1
0.79,0,7,1
0.8,0,7,1
0.81,0,7,1
0.82,0,7,1
0.83,0,7,1
0.84,0,7,1
0.85,0,7,1
0.86,0,7,1
0.87,0,7,1
0.88,0,7,1
0.89,0,7,1
0.9,0,7,1
0.91,0,7,1
0.92,0,7,1
0.93,0,7,1
0.94,0,7,1
0.95,0,7,1
0.96,0,7,1
0.97,0,7,1
0.98,0,7,1
0.99,0,7,1
1,0,7,1
1.01,0,7,1
1.02,0,7,1
1.03,0,7,1
1.04,0,7,1
1.05,0,7,1
1.06,0,7,1
1.07,0,7,1
1.08,0,7,1
1.09,0,7,1
1.1,0,7,1
1.11,0,7,1
1.12,0,7,1
1.13,0,7,1
1.14,0,7,1
1.15,0,7,1
1.16,0,7,1
1.17,0,7,1
1.18,0,7,1
1.19,0,7,1
1.2,0,7,1
1.21,0,7,1
1.22,0,7,1
1.23,0,7,1
1.24,0,7,1
1.25,0,7,1
1.26,0,7,1
1.27,0,7,1
1.28,0,7,1
1.29,0,7,1
1.3,0,7,1
1.31,0,7,1
1.32,0,7,1
1.33,0,7,1
1.34,0,7,1
1.35,0,7,1
1.36,0,7,1
1.37,0,7,1
1.38,0,7,1
1.39,0,7,1
1.4,0,7,1
1.41,0,7,1
1.42,0,7,1
1.43,0,7,1
1.44,0,7,1
1.45,0,7,1
1.46,0,7,1
1.47,0,7,1
1.48,0,7,1
1.49,0,7,1
1.5,0,7,1
1.51,0,7,1
1.52,0,7,1
1.53,0,7,1
1.54,0,7,1
1.55,0,7,1
1.56,0,7,1
1.57,0,7,1
1.58,0,7,1
1.59,0,7,1
1.6,0,7,1
1.61,0,7,1
1.62,0,7,1
1.63,0,7,1
1.64,0,7,1
1.65,0,7,1
1.66,0,7,1
1.67,0,7,1
1.68,0,7,1
1.69,0,7,1
1.7,0,7,1
1.71,0,7,1
1.72,0,7,1
1.73,0,7,1
1.74,0,7,1
1.75,0,7,1
1.76,0,7,1
1.77,0,7,1
1.78,0,7,1
1.79,0,7,1
1.8,0,7,1
1.81,0,7,1
1.82,0,7,1
1.83,0,7,1
1.84,0,7,1
1.85,0,7,1
1.86,0,7,1
1.87,0,7,1
1.88,0,7,1
1.89,0,7,1
1.9,0,7,1
1.91,0,7,1
1.92,0,7,1
1.93,0,7,1
1.94,0,7,1
1.95,0,7,1
1.96,0,7,1
1.97,0,7,1
1.98,0,7,1
1.99,0,7,1
2,0,7,1
2.01,0,7,1
2.02,0,7,1
2.03,0,7,1
2.04,0,7,1
2.05,0,7,1
2.06,0,7,1
2.07,0,7,1
2.08,0,7,1
2.09,0,7,1
2.1,0,7,1
2.11,0,7,1
2.12,0,7,1
2.13,0,7,1
2.14,0,7,1
2.15,0,7,1
2.16,0,7,1
2.17,0,7,1
2.18,0,7,1
2.19,0,7,1
2.2,0,7,1
2.21,0,7,1
2.22,0,7,1
2.23,0,7,1
2.24,0,7,1
2.25,0,7,1
2.26,0,7,1
2.27,0,7,1
2.28,0,7,1
2.29,0,7,1
2.3,0,7,1
2.31,0,7,1
2.32,0,7,1
2.33,0,7,1
2.34,0,7,1
2.35,0,7,1
2.36,0,7,1
2.37,0,7,1
2.38,0,7,1
2.39,0,7,1
2.4,0,7,1
2.41,0,7,1
2.42,0,7,1
2.43,0,7,1
2.44,0,7,1
2.45,0,7,1
2.46,0,7,1
2.47,0,7,1
2.48,0,7,1
2.49,0,7,1
2.5,0,7,1
2.51,0,7,1
2.52,0,7,1
2.53,0,7,1
2.54,0,7,1
2.55,0,7,1
2.56,0,7,1
2.57,0,7,1
2.58,0,7,1
2.59,0,7,1
2.6,0,7,1
2.61,0,7,1
2.62,0,7,1
2.63,0,7,1
2.64,0,7,1
2.65,0,7,1
2.66,0,7,1
2.67,0,7,1
2.68,0,7,1
2.69,0,7,1
2.7,0,7,1
2.71,0,7,1
2.72,0,7,1
2.73,0,7,1
2.74,0,7,1
2.75,0,7,1
2.76,0,7,1
2.77,0,7,1
2.78,0,7,1
2.79,0,7,1
2.8,0,7,1
2.81,0,7,1
2.82,0,7,1
2.83,0,7,1
2.84,0,7,1
2.85,0,7,1
2.86,0,7,1
2.87,0,7,1
2.88,0,7,1
2.89,0,7,1
2.9,0,7,1
2.91,0,7,1
2.92,0,7,1
2.93,0,7,1
2.94,0,7,1
2.95,0,7,1
2.96,0,7,1
2.97,0,7,1
2.98,0,7,1
2.99,0,7,1
3,0,7,1
3.01,0,7,1
3.02,0,7,1
3.03,0,7,1
3.04,0,7,1
3.05,0,7,1
3.06,0,7,1
3.07,0,7,1
3.08,0,7,1
3.09,0,7,1
3.1,0,7,1
3.11,0,7,1
3.12,0,7,1
3.13,0,7,1
3.14,0,7,1
3.15,0,7,1
3.16,0,7,1
3.17,0,7,1
3.18,0,7,1
3.19,0,7,1
3.2,0,7,1
3.21,0,7,1
3.22,0,7,1
3.23,0,7,1
3.24,0,7,1
3.25,0,7,1
3.26,0,7,1
3.27,0,7,1
3.28,0,7,1
3.29,0,7,1
3.3,0,7,1
3.31,0,7,1
3.32,0,7,1
3.33,0,7,1
3.34,0,7,1
3.35,0,7,1
3.36,0,7,1
3.37,0,7,1
3.38,0,7,1
3.39,0,7,1
3.4,0,7,1
3.41,0,7,1
3.42,0,7,1
3.43,0,7,1
3.44,0,7,1
3.45,0,7,1
3.46,0,7,1
3.47,0,7,1
3.48,0,7,1
3.49,0,7,1
3.5,0,7,1
3.51,0,7,1
3.52,0,7,1
3.53,0,7,1
3.54,0,7,1
3.55,0,7,1
3.56,0,7,1
3.57,0,7,1
3.58,0,7,1
3.59,0,7,1
3.6,0,7,1
3.61,0,7,1
3.62,0,7,1
3.63,0,7,1
3.64,0,7,1
3.65,0,7,1
3.66,0,7,1
3.67,0,7,1
3.68,0,7,1
3.69,0,7,1
3.7,0,7,1
3.71,0,7,1
3.72,0,7,1
3.73,0,7,1
3.74,0,7,1
3.75,0,7,1
3.76,0,7,1
3.77,0,7,1
3.78,0,7,1
3.79,0,7,1
3.8,0,7,1
3.81,0,7,1
3.82,0,7,1
3.83,0,7,1
3.84,0,7,1
3.85,0,7,1
3.86,0,7,1
3.87,0,7,1
3.88,0,7,1
3.89,0,7,1
3.9,0,7,1
3.91,0,7,1
3.92,0,7,1
3.93,0,7,1
3.94,0,7,1
3.95,0,7,1
3.96,0,7,1
3.97,0,7,1
3.98,0,7,1
3.99,0,7,1
4,0,7,1
4.01,0,7,1
4.02,0,7,1
4.03,0,7,1
4.04,0,7,1
4.05,0,7,1
4.06,0,7,1
4.07,0,7,1
4.08,0,7,1
4.09,0,7,1
4.1,0,7,1
4.11,0,7,1
4.12,0,7,1
4.13,0,7,1
4.14,0,7,1
4.15,0,7,1
4.16,0,7,1
4.17,0,7,1
4.18,0,7,1
4.19,0,7,1
4.2,0,7,1
4.21,0,7,1
4.22,0,7,1
4.23,0,7,1
4.24,0,7,1
4.25,0,7,1
4.26,0,7,1
4.27,0,7,1
4.28,0,7,1
4.29,0,7,1
4.3,0,7,1
4.31,0,7,1
4.32,0,7,1
4.33,0,7,1
4.34,0,7,1
4.35,0,7,1
4.36,0,7,1
4.37,0,7,1
4.38,0,7,1
4.39,0,7,1
4.4,0,7,1
4.41,0,7,1
4.42,0,7,1
4.43,0,7,1
4.44,0,7,1
4.45,0,7,1
4.46,0,7,1
4.47,0,7,1
4.48,0,7,1
4.49,0,7,1
4.5,0,7,1
4.51,0,7,1
4.52,0,7,1
4.53,0,7,1
4.54,0,7,1
4.55,0,7,1
4.56,0,7,1
4.57,0,7,1
4.58,0,7,1
4.59,0,7,1
4.6,0,7,1
4.61,0,7,1
4.62,0,7,1
4.63,0,7,1
4.64,0,7,1
4.65,0,7,1
4.66,0,7,1
4.67,0,7,1
4.68,0,7,1
4.69,0,7,1
4.7,0,7,1
4.71,0,7,1
4.72,0,7,1
4.73,0,7,1
4.74,0,7,1
4.75,0,7,1
4.76,0,7,1
4.77,0,7,1
4.78,0,7,1
4.79,0,7,1
4.8,0,7,1
4.81,0,7,1
4.82,0,7,1
4.83,0,7,1
4.84,0,7,1
4.85,0,7,1
4.86,0,7,1
4.87,0,7,1
4.88,0,7,1
4.89,0,7,1
4.9,0,7,1
4.91,0,7,1
4.92,0,7,1
4.93,0,7,1
4.94,0,7,1
4.95,0,7,1
4.96,0,7,1
4.97,0,7,1
4.98,0,7,1
4.99,0,7,1
5,0,7,1
5.01,0,7,1
5.02,0,7,1
5.03,0,7,1
5.04,0,7,1
5.05,0,7,1
5.06,0,7,1
5.07,0,7,1
5.08,0,7,1
5.09,0,7,1
5.1,0,7,1
5.11,0,7,1
5.12,0,7,1
5.13,0,7,1
5.14,0,7,1
5.15,0,7,1
5.16,0,7,1
5.17,0,7,1
5.18,0,7,1
5.19,0,7,1
5.2,0,7,1
5.21,0,7,1
5.22,0,7,1
5.23,0,7,1
5.24,0,7,1
5.25,0,7,1
5.26,0,7,1
5.27,0,7,1
5.28,0,7,1
5.29,0,7,1
5.3,0,7,1
5.31,0,7,1
5.32,0,7,1
5.33,0,7,1
5.34,0,7,1
5.35,0,7,1
5.36,0,7,1
5.37,0,7,1
5.38,0,7,1
5.39,0,7,1
5.4,0,7,1
5.41,0,7,1
5.42,0,7,1
5.43,0,7,1
5.44,0,7,1
5.45,0,7,1
5.46,0,7,1
5.47,0,7,1
5.48,0,7,1
5.49,0,7,1
5.5,0,7,1
5.51,0,7,1
5.52,0,7,1
5.53,0,7,1
5.54,0,7,1
5.55,0,7,1
5.56,0,7,1
5.57,0,7,1
5.58,0,7,1
5.59,0,7,1
5.6,0,7,1
5.61,0,7,1
5.62,0,7,1
5.63,0,7,1
5.64,0,7,1
5.65,0,7,1
5.66,0,7,1
5.67,0,7,1
5.68,0,7,1
5.69,0,7,1
5.7,0,7,1
5.71,0,7,1
5.72,0,7,1
5.73,0,7,1
5.74,0,7,1
5.75,0,7,1
5.76,0,7,1
5.77,0,7,1
5.78,0,7,1
5.79,0,7,1
5.8,0,7,1
5.81,0,7,1
5.82,0,7,1
5.83,0,7,1
5.84,0,7,1
5.85,0,7,1
5.86,0,7,1
5.87,0,7,1
5.88,0,7,1
5.89,0,7,1
5.9,0,7,1
5.91,0,7,1
5.92,0,7,1
5.93,0,7,1
5.94,0,7,1
5.95,0,7,1
5.96,0,7,1
5.97,0,7,1
5.98,0,7,1
5.99,0,7,1
6,0,7,1
6,0,7,2
6,0.01,7,2
6,0.02,7,2
6,0.03,7,2
6,0.04,7,2
6,0.05,7,2
6,0.06,7,2
6,0.07,7,2
6,0.08,7,2
6,0.09,7,2
6,0.1,7,2
6,0.11,7,2
6,0.12,7,2
6,0.13,7,2
6,0.14,7,2
6,0.15,7,2
6,0.16,7,2
6,0.17,7,2
6,0.18,7,2
6,0.19,7,2
6,0.2,7,2
6,0.21,7,2
6,0.22,7,2
6,0.23,7,2
6,0.24,7,2
6,0.25,7,2
6,0.26,7,2
6,0.27,7,2
6,0.28,7,2
6,0.29,7,2
6,0.3,7,2
6,0.31,7,2
6,0.32,7,2
6,0.33,7,2
6,0.34,7,2
6,0.35,7,2
6,0.36,7,2
6,0.37,7,2
6,0.38,7,2
6,0.39,7,2
6,0.4,7,2
6,0.41,7,2
6,0.42,7,2
6,0.43,7,2
6,0.44,7,2
6,0.45,7,2
6,0.46,7,2
6,0.47,7,2
6,0.48,7,2
6,0.49,7,2
6,0.5,7,2
6,0.51,7,2
6,0.52,7,2
6,0.53,7,2
6,0.54,7,2
6,0.55,7,2
6,0.56,7,2
6,0.57,7,2
6,0.58,7,2
6,0.59,7,2
6,0.6,7,2
6,0.61,7,2
6,0.62,7,2
6,0.63,7,2
6,0.64,7,2
6,0.65,7,2
6,0.66,7,2
6,0.67,7,2
6,0.68,7,2
6,0.69,7,2
6,0.7,7,2
6,0.71,7,2
6,0.72,7,2
6,0.73,7,2
6,0.74,7,2
6,0.75,7,2
6,0.76,7,2
6,0.77,7,2
6,0.78,7,2
6,0.79,7,2
6,0.8,7,2
6,0.81,7,2
6,0.82,7,2
6,0.83,7,2
6,0.84,7,2
6,0.85,7,2
6,0.86,7,2
6,0.87,7,2
6,0.88,7,2
6,0.89,7,2
6,0.9,7,2
6,0.91,7,2
6,0.92,7,2
6,0.93,7,2
6,0.94,7,2
6,0.95,7,2
6,0.96,7,2
6,0.97,7,2
6,0.98,7,2
6,0.99,7,2
6,1,7,2
6,1.01,7,2
6,1.02,7,2
6,1.03,7,2
6,1.04,7,2
6,1.05,7,2
6,1.06,7,2
6,1.07,7,2
6,1.08,7,2
6,1.09,7,2
6,1.1,7,2
6,1.11,7,2
6,1.12,7,2
6,1.13,7,2
6,1.14,7,2
6,1.15,7,2
6,1.16,7,2
6,1.17,7,2
6,1.18,7,2
6,1.19,7,2
6,1.2,7,2
6,1.21,7,2
6,1.22,7,2
6,1.23,7,2
6,1.24,7,2
6,1.25,7,2
6,1.26,7,2
6,1.27,7,2
6,1.28,7,2
6,1.29,7,2
6,1.3,7,2
6,1.31,7,2
6,1.32,7,2
6,1.33,7,2
6,1.34,7,2
6,1.35,7,2
6,1.36,7,2
6,1.37,7,2
6,1.38,7,2
6,1.39,7,2
6,1.4,7,2
6,1.41,7,2
6,1.42,7,2
6,1.43,7,2
6,1.44,7,2
6,1.45,7,2
6,1.46,7,2
6,1.47,7,2
6,1.48,7,2
6,1.49,7,2
6,1.5,7,2
6,1.51,7,2
6,1.52,7,2
6,1.53,7,2
6,1.54,7,2
6,1.55,7,2
6,1.56,7,2
6,1.57,7,2
6,1.58,7,2
6,1.59,7,2
6,1.6,7,2
6,1.61,7,2
6,1.62,7,2
6,1.63,7,2
6,1.64,7,2
6,1.65,7,2
6,1.66,7,2
6,1.67,7,2
6,1.68,7,2
6,1.69,7,2
6,1.7,7,2
6,1.71,7,2
6,1.72,7,2
6,1.73,7,2
6,1.74,7,2
6,1.75,7,2
6,1.76,7,2
6,1.77,7,2
6,1.78,7,2
6,1.79,7,2
6,1.8,7,2
6,1.81,7,2
6,1.82,7,2
6,1.83,7,2
6,1.84,7,2
6,1.85,7,2
6,1.86,7,2
6,1.87,7,2
6,1.88,7,2
6,1.89,7,2
6,1.9,7,2
6,1.91,7,2
6,1.92,7,2
6,1.93,7,2
6,1.94,7,2
6,1.95,7,2
6,1.96,7,2
6,1.97,7,2
6,1.98,7,2
6,1.99,7,2
6,2,7,2
6,2.01,7,2
6,2.02,7,2
6,2.03,7,2
6,2.04,7,2
6,2.05,7,2
6,2.06,7,2
6,2.07,7,2
6,2.08,7,2
6,2.09,7,2
6,2.1,7,2
6,2.11,7,2
6,2.12,7,2
6,2.13,7,2
6,2.14,7,2
6,2.15,7,2
6,2.16,7,2
6,2.17,7,2
6,2.18,7,2
6,2.19,7,2
6,2.2,7,2
6,2.21,7,2
6,2.22,7,2
6,2.23,7,2
6,2.24,7,2
6,2.25,7,2
6,2.26,7,2
6,2.27,7,2
6,2.28,7,2
6,2.29,7,2
6,2.3,7,2
6,2.31,7,2
6,2.32,7,2
6,2.33,7,2
6,2.34,7,2
6,2.35,7,2
6,2.36,7,2
6,2.37,7,2
6,2.38,7,2
6,2.39,7,2
6,2.4,7,2
6,2.41,7,2
6,2.42,7,2
6,2.43,7,2
6,2.44,7,2
6,2.45,7,2
6,2.46,7,2
6,2.47,7,2
6,2.48,7,2
6,2.49,7,2
6,2.5,7,2
6,2.51,7,2
6,2.52,7,2
6,2.53,7,2
6,2.54,7,2
6,2.55,7,2
6,2.56,7,2
6,2.57,7,2
6,2.58,7,2
6,2.59,7,2
6,2.6,7,2
6,2.61,7,2
6,2.62,7,2
6,2.63,7,2
6,2.64,7,2
6,2.65,7,2
6,2.66,7,2
6,2.67,7,2
6,2.68,7,2
6,2.69,7,2
6,2.7,7,2
6,2.71,7,2
6,2.72,7,2
6,2.73,7,2
6,2.74,7,2
6,2.75,7,2
6,2.76,7,2
6,2.77,7,2
6,2.78,7,2
6,2.79,7,2
6,2.8,7,2
6,2.81,7,2
6,2.82,7,2
6,2.83,7,2
6,2.84,7,2
6,2.85,7,2
6,2.86,7,2
6,2.87,7,2
6,2.88,7,2
6,2.89,7,2
6,2.9,7,2
6,2.91,7,2
6,2.92,7,2
6,2.93,7,2
6,2.94,7,2
6,2.95,7,2
6,2.96,7,2
6,2.97,7,2
6,2.98,7,2
6,2.99,7,2
6,3,7,2
-6,0,7,2
-6,0.01,7,2
-6,0.02,7,2
-6,0.03,7,2
-6,0.04,7,2
-6,0.05,7,2
-6,0.06,7,2
-6,0.07,7,2
-6,0.08,7,2
-6,0.09,7,2
-6,0.1,7,2
-6,0.11,7,2
-6,0.12,7,2
-6,0.13,7,2
-6,0.14,7,2
-6,0.15,7,2
-6,0.16,7,2
-6,0.17,7,2
-6,0.18,7,2
-6,0.19,7,2
-6,0.2,7,2
-6,0.21,7,2
-6,0.22,7,2
-6,0.23,7,2
-6,0.24,7,2
-6,0.25,7,2
-6,0.26,7,2
-6,0.27,7,2
-6,0.28,7,2
-6,0.29,7,2
-6,0.3,7,2
-6,0.31,7,2
-6,0.32,7,2
-6,0.33,7,2
-6,0.34,7,2
-6,0.35,7,2
-6,0.36,7,2
-6,0.37,7,2
-6,0.38,7,2
-6,0.39,7,2
-6,0.4,7,2
-6,0.41,7,2
-6,0.42,7,2
-6,0.43,7,2
-6,0.44,7,2
-6,0.45,7,2
-6,0.46,7,2
-6,0.47,7,2
-6,0.48,7,2
-6,0.49,7,2
-6,0.5,7,2
-6,0.51,7,2
-6,0.52,7,2
-6,0.53,7,2
-6,0.54,7,2
-6,0.55,7,2
-6,0.56,7,2
-6,0.57,7,2
-6,0.58,7,2
-6,0.59,7,2
-6,0.6,7,2
-6,0.61,7,2
-6,0.62,7,2
-6,0.63,7,2
-6,0.64,7,2
-6,0.65,7,2
-6,0.66,7,2
-6,0.67,7,2
-6,0.68,7,2
-6,0.69,7,2
-6,0.7,7,2
-6,0.71,7,2
-6,0.72,7,2
-6,0.73,7,2
-6,0.74,7,2
-6,0.75,7,2
-6,0.76,7,2
-6,0.77,7,2
-6,0.78,7,2
-6,0.79,7,2
-6,0.8,7,2
-6,0.81,7,2
-6,0.82,7,2
-6,0.83,7,2
-6,0.84,7,2
-6,0.85,7,2
-6,0.86,7,2
-6,0.87,7,2
-6,0.88,7,2
-6,0.89,7,2
-6,0.9,7,2
-6,0.91,7,2
-6,0.92,7,2
-6,0.93,7,2
-6,0.94,7,2
-6,0.95,7,2
-6,0.96,7,2
-6,0.97,7,2
-6,0.98,7,2
-6,0.99,7,2
-6,1,7,2
-6,1.01,7,2
-6,1.02,7,2
-6,1.03,7,2
-6,1.04,7,2
-6,1.05,7,2
-6,1.06,7,2
-6,1.07,7,2
-6,1.08,7,2
-6,1.09,7,2
-6,1.1,7,2
-6,1.11,7,2
-6,1.12,7,2
-6,1.13,7,2
-6,1.14,7,2
-6,1.15,7,2
-6,1.16,7,2
-6,1.17,7,2
-6,1.18,7,2
-6,1.19,7,2
-6,1.2,7,2
-6,1.21,7,2
-6,1.22,7,2
-6,1.23,7,2
-6,1.24,7,2
-6,1.25,7,2
-6,1.26,7,2
-6,1.27,7,2
-6,1.28,7,2
-6,1.29,7,2
-6,1.3,7,2
-6,1.31,7,2
-6,1.32,7,2
-6,1.33,7,2
-6,1.34,7,2
-6,1.35,7,2
-6,1.36,7,2
-6,1.37,7,2
-6,1.38,7,2
-6,1.39,7,2
-6,1.4,7,2
-6,1.41,7,2
-6,1.42,7,2
-6,1.43,7,2
-6,1.44,7,2
-6,1.45,7,2
-6,1.46,7,2
-6,1.47,7,2
-6,1.48,7,2
-6,1.49,7,2
-6,1.5,7,2
-6,1.51,7,2
-6,1.52,7,2
-6,1.53,7,2
-6,1.54,7,2
-6,1.55,7,2
-6,1.56,7,2
-6,1.57,7,2
-6,1.58,7,2
-6,1.59,7,2
-6,1.6,7,2
-6,1.61,7,2
-6,1.62,7,2
-6,1.63,7,2
-6,1.64,7,2
-6,1.65,7,2
-6,1.66,7,2
-6,1.67,7,2
-6,1.68,7,2
-6,1.69,7,2
-6,1.7,7,2
-6,1.71,7,2
-6,1.72,7,2
-6,1.73,7,2
-6,1.74,7,2
-6,1.75,7,2
-6,1.76,7,2
-6,1.77,7,2
-6,1.78,7,2
-6,1.79,7,2
-6,1.8,7,2
-6,1.81,7,2
-6,1.82,7,2
-6,1.83,7,2
-6,1.84,7,2
-6,1.85,7,2
-6,1.86,7,2
-6,1.87,7,2
-6,1.88,7,2
-6,1.89,7,2
-6,1.9,7,2
-6,1.91,7,2
-6,1.92,7,2
-6,1.93,7,2
-6,1.94,7,2
-6,1.95,7,2
-6,1.96,7,2
-6,1.97,7,2
-6,1.98,7,2
-6,1.99,7,2
-6,2,7,2
-6,2.01,7,2
-6,2.02,7,2
-6,2.03,7,2
-6,2.04,7,2
-6,2.05,7,2
-6,2.06,7,2
-6,2.07,7,2
-6,2.08,7,2
-6,2.09,7,2
-6,2.1,7,2
-6,2.11,7,2
-6,2.12,7,2
-6,2.13,7,2
-6,2.14,7,2
-6,2.15,7,2
-6,2.16,7,2
-6,2.17,7,2
-6,2.18,7,2
-6,2.19,7,2
-6,2.2,7,2
-6,2.21,7,2
-6,2.22,7,2
-6,2.23,7,2
-6,2.24,7,2
-6,2.25,7,2
-6,2.26,7,2
-6,2.27,7,2
-6,2.28,7,2
-6,2.29,7,2
-6,2.3,7,2
-6,2.31,7,2
-6,2.32,7,2
-6,2.33,7,2
-6,2.34,7,2
-6,2.35,7,2
-6,2.36,7,2
-6,2.37,7,2
-6,2.38,7,2
-6,2.39,7,2
-6,2.4,7,2
-6,2.41,7,2
-6,2.42,7,2
-6,2.43,7,2
-6,2.44,7,2
-6,2.45,7,2
-6,2.46,7,2
-6,2.47,7,2
-6,2.48,7,2
-6,2.49,7,2
-6,2.5,7,2
-6,2.51,7,2
-6,2.52,7,2
-6,2.53,7,2
-6,2.54,7,2
-6,2.55,7,2
-6,2.56,7,2
-6,2.57,7,2
-6,2.58,7,2
-6,2.59,7,2
-6,2.6,7,2
-6,2.61,7,2
-6,2.62,7,2
-6,2.63,7,2
-6,2.64,7,2
-6,2.65,7,2
-6,2.66,7,2
-6,2.67,7,2
-6,2.68,7,2
-6,2.69,7,2
-6,2.7,7,2
-6,2.71,7,2
-6,2.72,7,2
-6,2.73,7,2
-6,2.74,7,2
-6,2.75,7,2
-6,2.76,7,2
-6,2.77,7,2
-6,2.78,7,2
-6,2.79,7,2
-6,2.8,7,2
-6,2.81,7,2
-6,2.82,7,2
-6,2.83,7,2
-6,2.84,7,2
-6,2.85,7,2
-6,2.86,7,2
-6,2.87,7,2
-6,2.88,7,2
-6,2.89,7,2
-6,2.9,7,2
-6,2.91,7,2
-6,2.92,7,2
-6,2.93,7,2
-6,2.94,7,2
-6,2.95,7,2
-6,2.96,7,2
-6,2.97,7,2
-6,2.98,7,2
-6,2.99,7,2
-6,3,7,2
6,3,5,1
6,3,5.01,1
6,3,5.02,1
6,3,5.03,1
6,3,5.04,1
6,3,5.05,1
6,3,5.06,1
6,3,5.07,1
6,3,5.08,1
6,3,5.09,1
6,3,5.1,1
6,3,5.11,1
6,3,5.12,1
6,3,5.13,1
6,3,5.14,1
6,3,5.15,1
6,3,5.16,1
6,3,5.17,1
6,3,5.18,1
6,3,5.19,1
6,3,5.2,1
6,3,5.21,1
6,3,5.22,1
6,3,5.23,1
6,3,5.24,1
6,3,5.25,1
6,3,5.26,1
6,3,5.27,1
6,3,5.28,1
6,3,5.29,1
6,3,5.3,1
6,3,5.31,1
6,3,5.32,1
6,3,5.33,1
6,3,5.34,1
6,3,5.35,1
6,3,5.36,1
6,3,5.37,1
6,3,5.38,1
6,3,5.39,1
6,3,5.4,1
6,3,5.41,1
6,3,5.42,1
6,3,5.43,1
6,3,5.44,1
6,3,5.45,1
6,3,5.46,1
6,3,5.47,1
6,3,5.48,1
6,3,5.49,1
6,3,5.5,1
6,3,5.51,1
6,3,5.52,1
6,3,5.53,1
6,3,5.54,1
6,3,5.55,1
6,3,5.56,1
6,3,5.57,1
6,3,5.58,1
6,3,5.59,1
6,3,5.6,1
6,3,5.61,1
6,3,5.62,1
6,3,5.63,1
6,3,5.64,1
6,3,5.65,1
6,3,5.66,1
6,3,5.67,1
6,3,5.68,1
6,3,5.69,1
6,3,5.7,1
6,3,5.71,1
6,3,5.72,1
6,3,5.73,1
6,3,5.74,1
6,3,5.75,1
6,3,5.76,1
6,3,5.77,1
6,3,5.78,1
6,3,5.79,1
6,3,5.8,1
6,3,5.81,1
6,3,5.82,1
6,3,5.83,1
6,3,5.84,1
6,3,5.85,1
6,3,5.86,1
6,3,5.87,1
6,3,5.88,1
6,3,5.89,1
6,3,5.9,1
6,3,5.91,1
6,3,5.92,1
6,3,5.93,1
6,3,5.94,1
6,3,5.95,1
6,3,5.96,1
6,3,5.97,1
6,3,5.98,1
6,3,5.99,1
6,3,6,1
6,3,6.01,1
6,3,6.02,1
6,3,6.03,1
6,3,6.04,1
6,3,6.05,1
6,3,6.06,1
6,3,6.07,1
6,3,6.08,1
6,3,6.09,1
6,3,6.1,1
6,3,6.11,1
6,3,6.12,1
6,3,6.13,1
6,3,6.14,1
6,3,6.15,1
6,3,6.16,1
6,3,6.17,1
6,3,6.18,1
6,3,6.19,1
6,3,6.2,1
6,3,6.21,1
6,3,6.22,1
6,3,6.23,1
6,3,6.24,1
6,3,6.25,1
6,3,6.26,1
6,3,6.27,1
6,3,6.28,1
6,3,6.29,1
6,3,6.3,1
6,3,6.31,1
6,3,6.32,1
6,3,6.33,1
6,3,6.34,1
6,3,6.35,1
6,3,6.36,1
6,3,6.37,1
6,3,6.38,1
6,3,6.39,1
6,3,6.4,1
6,3,6.41,1
6,3,6.42,1
6,3,6.43,1
6,3,6.44,1
6,3,6.45,1
6,3,6.46,1
6,3,6.47,1
6,3,6.48,1
6,3,6.49,1
6,3,6.5,1
6,3,6.51,1
6,3,6.52,1
6,3,6.53,1
6,3,6.54,1
6,3,6.55,1
6,3,6.56,1
6,3,6.57,1
6,3,6.58,1
6,3,6.59,1
6,3,6.6,1
6,3,6.61,1
6,3,6.62,1
6,3,6.63,1
6,3,6.64,1
6,3,6.65,1
6,3,6.66,1
6,3,6.67,1
6,3,6.68,1
6,3,6.69,1
6,3,6.7,1
6,3,6.71,1
6,3,6.72,1
6,3,6.73,1
6,3,6.74,1
6,3,6.75,1
6,3,6.76,1
6,3,6.77,1
6,3,6.78,1
6,3,6.79,1
6,3,6.8,1
6,3,6.81,1
6,3,6.82,1
6,3,6.83,1
6,3,6.84,1
6,3,6.85,1
6,3,6.86,1
6,3,6.87,1
6,3,6.88,1
6,3,6.89,1
6,3,6.9,1
6,3,6.91,1
6,3,6.92,1
6,3,6.93,1
6,3,6.94,1
6,3,6.95,1
6,3,6.96,1
6,3,6.97,1
6,3,6.98,1
6,3,6.99,1
6,3,7,1
6,0,5,1
6,0,5.01,1
6,0,5.02,1
6,0,5.03,1
6,0,5.04,1
6,0,5.05,1
6,0,5.06,1
6,0,5.07,1
6,0,5.08,1
6,0,5.09,1
6,0,5.1,1
6,0,5.11,1
6,0,5.12,1
6,0,5.13,1
6,0,5.14,1
6,0,5.15,1
6,0,5.16,1
6,0,5.17,1
6,0,5.18,1
6,0,5.19,1
6,0,5.2,1
6,0,5.21,1
6,0,5.22,1
6,0,5.23,1
6,0,5.24,1
6,0,5.25,1
6,0,5.26,1
6,0,5.27,1
6,0,5.28,1
6,0,5.29,1
6,0,5.3,1
6,0,5.31,1
6,0,5.32,1
6,0,5.33,1
6,0,5.34,1
6,0,5.35,1
6,0,5.36,1
6,0,5.37,1
6,0,5.38,1
6,0,5.39,1
6,0,5.4,1
6,0,5.41,1
6,0,5.42,1
6,0,5.43,1
6,0,5.44,1
6,0,5.45,1
6,0,5.46,1
6,0,5.47,1
6,0,5.48,1
6,0,5.49,1
6,0,5.5,1
6,0,5.51,1
6,0,5.52,1
6,0,5.53,1
6,0,5.54,1
6,0,5.55,1
6,0,5.56,1
6,0,5.57,1
6,0,5.58,1
6,0,5.59,1
6,0,5.6,1
6,0,5.61,1
6,0,5.62,1
6,0,5.63,1
6,0,5.64,1
6,0,5.65,1
6,0,5.66,1
6,0,5.67,1
6,0,5.68,1
6,0,5.69,1
6,0,5.7,1
6,0,5.71,1
6,0,5.72,1
6,0,5.73,1
6,0,5.74,1
6,0,5.75,1
6,0,5.76,1
6,0,5.77,1
6,0,5.78,1
6,0,5.79,1
6,0,5.8,1
6,0,5.81,1
6,0,5.82,1
6,0,5.83,1
6,0,5.84,1
6,0,5.85,1
6,0,5.86,1
6,0,5.87,1
6,0,5.88,1
6,0,5.89,1
6,0,5.9,1
6,0,5.91,1
6,0,5.92,1
6,0,5.93,1
6,0,5.94,1
6,0,5.95,1
6,0,5.96,1
6,0,5.97,1
6,0,5.98,1
6,0,5.99,1
6,0,6,1
6,0,6.01,1
6,0,6.02,1
6,0,6.03,1
6,0,6.04,1
6,0,6.05,1
6,0,6.06,1
6,0,6.07,1
6,0,6.08,1
6,0,6.09,1
6,0,6.1,1
6,0,6.11,1
6,0,6.12,1
6,0,6.13,1
6,0,6.14,1
6,0,6.15,1
6,0,6.16,1
6,0,6.17,1
6,0,6.18,1
6,0,6.19,1
6,0,6.2,1
6,0,6.21,1
6,0,6.22,1
6,0,6.23,1
6,0,6.24,1
6,0,6.25,1
6,0,6.26,1
6,0,6.27,1
6,0,6.28,1
6,0,6.29,1
6,0,6.3,1
6,0,6.31,1
6,0,6.32,1
6,0,6.33,1
6,0,6.34,1
6,0,6.35,1
6,0,6.36,1
6,0,6.37,1
6,0,6.38,1
6,0,6.39,1
6,0,6.4,1
6,0,6.41,1
6,0,6.42,1
6,0,6.43,1
6,0,6.44,1
6,0,6.45,1
6,0,6.46,1
6,0,6.47,1
6,0,6.48,1
6,0,6.49,1
6,0,6.5,1
6,0,6.51,1
6,0,6.52,1
6,0,6.53,1
6,0,6.54,1
6,0,6.55,1
6,0,6.56,1
6,0,6.57,1
6,0,6.58,1
6,0,6.59,1
6,0,6.6,1
6,0,6.61,1
6,0,6.62,1
6,0,6.63,1
6,0,6.64,1
6,0,6.65,1
6,0,6.66,1
6,0,6.67,1
6,0,6.68,1
6,0,6.69,1
6,0,6.7,1
6,0,6.71,1
6,0,6.72,1
6,0,6.73,1
6,0,6.74,1
6,0,6.75,1
6,0,6.76,1
6,0,6.77,1
6,0,6.78,1
6,0,6.79,1
6,0,6.8,1
6,0,6.81,1
6,0,6.82,1
6,0,6.83,1
6,0,6.84,1
6,0,6.85,1
6,0,6.86,1
6,0,6.87,1
6,0,6.88,1
6,0,6.89,1
6,0,6.9,1
6,0,6.91,1
6,0,6.92,1
6,0,6.93,1
6,0,6.94,1
6,0,6.95,1
6,0,6.96,1
6,0,6.97,1
6,0,6.98,1
6,0,6.99,1
6,0,7,1
-6,3,5,1
-6,3,5.01,1
-6,3,5.02,1
-6,3,5.03,1
-6,3,5.04,1
-6,3,5.05,1
-6,3,5.06,1
-6,3,5.07,1
-6,3,5.08,1
-6,3,5.09,1
-6,3,5.1,1
-6,3,5.11,1
-6,3,5.12,1
-6,3,5.13,1
-6,3,5.14,1
-6,3,5.15,1
-6,3,5.16,1
-6,3,5.17,1
-6,3,5.18,1
-6,3,5.19,1
-6,3,5.2,1
-6,3,5.21,1
-6,3,5.22,1
-6,3,5.23,1
-6,3,5.24,1
-6,3,5.25,1
-6,3,5.26,1
-6,3,5.27,1
-6,3,5.28,1
-6,3,5.29,1
-6,3,5.3,1
-6,3,5.31,1
-6,3,5.32,1
-6,3,5.33,1
-6,3,5.34,1
-6,3,5.35,1
-6,3,5.36,1
-6,3,5.37,1
-6,3,5.38,1
-6,3,5.39,1
-6,3,5.4,1
-6,3,5.41,1
-6,3,5.42,1
-6,3,5.43,1
-6,3,5.44,1
-6,3,5.45,1
-6,3,5.46,1
-6,3,5.47,1
-6,3,5.48,1
-6,3,5.49,1
-6,3,5.5,1
-6,3,5.51,1
-6,3,5.52,1
-6,3,5.53,1
-6,3,5.54,1
-6,3,5.55,1
-6,3,5.56,1
-6,3,5.57,1
-6,3,5.58,1
-6,3,5.59,1
-6,3,5.6,1
-6,3,5.61,1
-6,3,5.62,1
-6,3,5.63,1
-6,3,5.64,1
-6,3,5.65,1
-6,3,5.66,1
-6,3,5.67,1
-6,3,5.68,1
-6,3,5.69,1
-6,3,5.7,1
-6,3,5.71,1
-6,3,5.72,1
-6,3,5.73,1
-6,3,5.74,1
-6,3,5.75,1
-6,3,5.76,1
-6,3,5.77,1
-6,3,5.78,1
-6,3,5.79,1
-6,3,5.8,1
-6,3,5.81,1
-6,3,5.82,1
-6,3,5.83,1
-6,3,5.84,1
-6,3,5.85,1
-6,3,5.86,1
-6,3,5.87,1
-6,3,5.88,1
-6,3,5.89,1
-6,3,5.9,1
-6,3,5.91,1
-6,3,5.92,1
-6,3,5.93,1
-6,3,5.94,1
-6,3,5.95,1
-6,3,5.96,1
-6,3,5.97,1
-6,3,5.98,1
-6,3,5.99,1
-6,3,6,1
-6,3,6.01,1
-6,3,6.02,1
-6,3,6.03,1
-6,3,6.04,1
-6,3,6.05,1
-6,3,6.06,1
-6,3,6.07,1
-6,3,6.08,1
-6,3,6.09,1
-6,3,6.1,1
-6,3,6.11,1
-6,3,6.12,1
-6,3,6.13,1
-6,3,6.14,1
-6,3,6.15,1
-6,3,6.16,1
-6,3,6.17,1
-6,3,6.18,1
-6,3,6.19,1
-6,3,6.2,1
-6,3,6.21,1
-6,3,6.22,1
-6,3,6.23,1
-6,3,6.24,1
-6,3,6.25,1
-6,3,6.26,1
-6,3,6.27,1
-6,3,6.28,1
-6,3,6.29,1
-6,3,6.3,1
-6,3,6.31,1
-6,3,6.32,1
-6,3,6.33,1
-6,3,6.34,1
-6,3,6.35,1
-6,3,6.36,1
-6,3,6.37,1
-6,3,6.38,1
-6,3,6.39,1
-6,3,6.4,1
-6,3,6.41,1
-6,3,6.42,1
-6,3,6.43,1
-6,3,6.44,1
-6,3,6.45,1
-6,3,6.46,1
-6,3,6.47,1
-6,3,6.48,1
-6,3,6.49,1
-6,3,6.5,1
-6,3,6.51,1
-6,3,6.52,1
-6,3,6.53,1
-6,3,6.54,1
-6,3,6.55,1
-6,3,6.56,1
-6,3,6.57,1
-6,3,6.58,1
-6,3,6.59,1
-6,3,6.6,1
-6,3,6.61,1
-6,3,6.62,1
-6,3,6.63,1
-6,3,6.64,1
-6,3,6.65,1
-6,3,6.66,1
-6,3,6.67,1
-6,3,6.68,1
-6,3,6.69,1
-6,3,6.7,1
-6,3,6.71,1
-6,3,6.72,1
-6,3,6.73,1
-6,3,6.74,1
-6,3,6.75,1
-6,3,6.76,1
-6,3,6.77,1
-6,3,6.78,1
-6,3,6.79,1
-6,3,6.8,1
-6,3,6.81,1
-6,3,6.82,1
-6,3,6.83,1
-6,3,6.84,1
-6,3,6.85,1
-6,3,6.86,1
-6,3,6.87,1
-6,3,6.88,1
-6,3,6.89,1
-6,3,6.9,1
-6,3,6.91,1
-6,3,6.92,1
-6,3,6.93,1
-6,3,6.94,1
-6,3,6.95,1
-6,3,6.96,1
-6,3,6.97,1
-6,3,6.98,1
-6,3,6.99,1
-6,3,7,1
-6,0,5,1
-6,0,5.01,1
-6,0,5.02,1
-6,0,5.03,1
-6,0,5.04,1
-6,0,5.05,1
-6,0,5.06,1
-6,0,5.07,1
-6,0,5.08,1
-6,0,5.09,1
-6,0,5.1,1
-6,0,5.11,1
-6,0,5.12,1
-6,0,5.13,1
-6,0,5.14,1
-6,0,5.15,1
-6,0,5.16,1
-6,0,5.17,1
-6,0,5.18,1
-6,0,5.19,1
-6,0,5.2,1
-6,0,5.21,1
-6,0,5.22,1
-6,0,5.23,1
-6,0,5.24,1
-6,0,5.25,1
-6,0,5.26,1
-6,0,5.27,1
-6,0,5.28,1
-6,0,5.29,1
-6,0,5.3,1
-6,0,5.31,1
-6,0,5.32,1
-6,0,5.33,1
-6,0,5.34,1
-6,0,5.35,1
-6,0,5.36,1
-6,0,5.37,1
-6,0,5.38,1
-6,0,5.39,1
-6,0,5.4,1
-6,0,5.41,1
-6,0,5.42,1
-6,0,5.43,1
-6,0,5.44,1
-6,0,5.45,1
-6,0,5.46,1
-6,0,5.47,1
-6,0,5.48,1
-6,0,5.49,1
-6,0,5.5,1
-6,0,5.51,1
-6,0,5.52,1
-6,0,5.53,1
-6,0,5.54,1
-6,0,5.55,1
-6,0,5.56,1
-6,0,5.57,1
-6,0,5.58,1
-6,0,5.59,1
-6,0,5.6,1
-6,0,5.61,1
-6,0,5.62,1
-6,0,5.63,1
-6,0,5.64,1
-6,0,5.65,1
-6,0,5.66,1
-6,0,5.67,1
-6,0,5.68,1
-6,0,5.69,1
-6,0,5.7,1
-6,0,5.71,1
-6,0,5.72,1
-6,0,5.73,1
-6,0,5.74,1
-6,0,5.75,1
-6,0,5.76,1
-6,0,5.77,1
-6,0,5.78,1
-6,0,5.79,1
-6,0,5.8,1
-6,0,5.81,1
-6,0,5.82,1
-6,0,5.83,1
-6,0,5.84,1
-6,0,5.85,1
-6,0,5.86,1
-6,0,5.87,1
-6,0,5.88,1
-6,0,5.89,1
-6,0,5.9,1
-6,0,5.91,1
-6,0,5.92,1
-6,0,5.93,1
-6,0,5.94,1
-6,0,5.95,1
-6,0,5.96,1
-6,0,5.97,1
-6,0,5.98,1
-6,0,5.99,1
-6,0,6,1
-6,0,6.01,1
-6,0,6.02,1
-6,0,6.03,1
-6,0,6.04,1
-6,0,6.05,1
-6,0,6.06,1
-6,0,6.07,1
-6,0,6.08,1
-6,0,6.09,1
-6,0,6.1,1
-6,0,6.11,1
-6,0,6.12,1
-6,0,6.13,1
-6,0,6.14,1
-6,0,6.15,1
-6,0,6.16,1
-6,0,6.17,1
-6,0,6.18,1
-6,0,6.19,1
-6,0,6.2,1
-6,0,6.21,1
-6,0,6.22,1
-6,0,6.23,1
-6,0,6.24,1
-6,0,6.25,1
-6,0,6.26,1
-6,0,6.27,1
-6,0,6.28,1
-6,0,6.29,1
-6,0,6.3,1
-6,0,6.31,1
-6,0,6.32,1
-6,0,6.33,1
-6,0,6.34,1
-6,0,6.35,1
-6,0,6.36,1
-6,0,6.37,1
-6,0,6.38,1
-6,0,6.39,1
-6,0,6.4,1
-6,0,6.41,1
-6,0,6.42,1
-6,0,6.43,1
-6,0,6.44,1
-6,0,6.45,1
-6,0,6.46,1
-6,0,6.47,1
-6,0,6.48,1
-6,0,6.49,1
-6,0,6.5,1
-6,0,6.51,1
-6,0,6.52,1
-6,0,6.53,1
-6,0,6.54,1
-6,0,6.55,1
-6,0,6.56,1
-6,0,6.57,1
-6,0,6.58,1
-6,0,6.59,1
-6,0,6.6,1
-6,0,6.61,1
-6,0,6.62,1
-6,0,6.63,1
-6,0,6.64,1
-6,0,6.65,1
-6,0,6.66,1
-6,0,6.67,1
-6,0,6.68,1
-6,0,6.69,1
-6,0,6.7,1
-6,0,6.71,1
-6,0,6.72,1
-6,0,6.73,1
-6,0,6.74,1
-6,0,6.75,1
-6,0,6.76,1
-6,0,6.77,1
-6,0,6.78,1
-6,0,6.79,1
-6,0,6.8,1
-6,0,6.81,1
-6,0,6.82,1
-6,0,6.83,1
-6,0,6.84,1
-6,0,6.85,1
-6,0,6.86,1
-6,0,6.87,1
-6,0,6.88,1
-6,0,6.89,1
-6,0,6.9,1
-6,0,6.91,1
-6,0,6.92,1
-6,0,6.93,1
-6,0,6.94,1
-6,0,6.95,1
-6,0,6.96,1
-6,0,6.97,1
-6,0,6.98,1
-6,0,6.99,1
-6,0,7,1
-0.25,2.5,7,1
-0.24,2.5,7,1
-0.23,2.5,7,1
-0.22,2.5,7,1
-0.21,2.5,7,1
-0.2,2.5,7,1
-0.19,2.5,7,1
-0.18,2.5,7,1
-0.17,2.5,7,1
-0.16,2.5,7,1
-0.15,2.5,7,1
-0.14,2.5,7,1
-0.13,2.5,7,1
-0.12,2.5,7,1
-0.11,2.5,7,1
-0.1,2.5,7,1
-0.09,2.5,7,1
-0.08,2.5,7,1
-0.07,2.5,7,1
-0.06,2.5,7,1
-0.05,2.5,7,1
-0.04,2.5,7,1
-0.03,2.5,7,1
-0.02,2.5,7,1
-0.01,2.5,7,1
0,2.5,7,1
0.01,2.5,7,1
0.02,2.5,7,1
0.03,2.5,7,1
0.04,2.5,7,1
0.05,2.5,7,1
0.06,2.5,7,1
0.07,2.5,7,1
0.08,2.5,7,1
0.09,2.5,7,1
0.1,2.5,7,1
0.11,2.5,7,1
0.12,2.5,7,1
0.13,2.5,7,1
0.14,2.5,7,1
0.15,2.5,7,1
0.16,2.5,7,1
0.17,2.5,7,1
0.18,2.5,7,1
0.19,2.5,7,1
0.2,2.5,7,1
0.21,2.5,7,1
0.22,2.5,7,1
0.23,2.5,7,1
0.24,2.5,7,1
0.25,2.5,7,1
0.25,0,7,2
0.25,0.01,7,2
0.25,0.02,7,2
0.25,0.03,7,2
0.25,0.04,7,2
0.25,0.05,7,2
0.25,0.06,7,2
0.25,0.07,7,2
0.25,0.08,7,2
0.25,0.09,7,2
0.25,0.1,7,2
0.25,0.11,7,2
0.25,0.12,7,2
0.25,0.13,7,2
0.25,0.14,7,2
0.25,0.15,7,2
0.25,0.16,7,2
0.25,0.17,7,2
0.25,0.18,7,2
0.25,0.19,7,2
0.25,0.2,7,2
0.25,0.21,7,2
0.25,0.22,7,2
0.25,0.23,7,2
0.25,0.24,7,2
0.25,0.25,7,2
0.25,0.26,7,2
0.25,0.27,7,2
0.25,0.28,7,2
0.25,0.29,7,2
0.25,0.3,7,2
0.25,0.31,7,2
0.25,0.32,7,2
0.25,0.33,7,2
0.25,0.34,7,2
0.25,0.35,7,2
0.25,0.36,7,2
0.25,0.37,7,2
0.25,0.38,7,2
0.25,0.39,7,2
0.25,0.4,7,2
0.25,0.41,7,2
0.25,0.42,7,2
0.25,0.43,7,2
0.25,0.44,7,2
0.25,0.45,7,2
0.25,0.46,7,2
0.25,0.47,7,2
0.25,0.48,7,2
0.25,0.49,7,2
0.25,0.5,7,2
0.25,0.51,7,2
0.25,0.52,7,2
0.25,0.53,7,2
0.25,0.54,7,2
0.25,0.55,7,2
0.25,0.56,7,2
0.25,0.57,7,2
0.25,0.58,7,2
0.25,0.59,7,2
0.25,0.6,7,2
0.25,0.61,7,2
0.25,0.62,7,2
0.25,0.63,7,2
0.25,0.64,7,2
0.25,0.65,7,2
0.25,0.66,7,2
0.25,0.67,7,2
0.25,0.68,7,2
0.25,0.69,7,2
0.25,0.7,7,2
0.25,0.71,7,2
0.25,0.72,7,2
0.25,0.73,7,2
0.25,0.74,7,2
0.25,0.75,7,2
0.25,0.76,7,2
0.25,0.77,7,2
0.25,0.78,7,2
0.25,0.79,7,2
0.25,0.8,7,2
0.25,0.81,7,2
0.25,0.82,7,2
0.25,0.83,7,2
0.25,0.84,7,2
0.25,0.85,7,2
0.25,0.86,7,2
0.25,0.87,7,2
0.25,0.88,7,2
0.25,0.89,7,2
0.25,0.9,7,2
0.25,0.91,7,2
0.25,0.92,7,2
0.25,0.93,7,2
0.25,0.94,7,2
0.25,0.95,7,2
0.25,0.96,7,2
0.25,0.97,7,2
0.25,0.98,7,2
0.25,0.99,7,2
0.25,1,7,2
0.25,1.01,7,2
0.25,1.02,7,2
0.25,1.03,7,2
0.25,1.04,7,2
0.25,1.05,7,2
0.25,1.06,7,2
0.25,1.07,7,2
0.25,1.08,7,2
0.25,1.09,7,2
0.25,1.1,7,2
0.25,1.11,7,2
0.25,1.12,7,2
0.25,1.13,7,2
0.25,1.14,7,2
0.25,1.15,7,2
0.25,1.16,7,2
0.25,1.17,7,2
0.25,1.18,7,2
0.25,1.19,7,2
0.25,1.2,7,2
0.25,1.21,7,2
0.25,1.22,7,2
0.25,1.23,7,2
0.25,1.24,7,2
0.25,1.25,7,2
0.25,1.26,7,2
0.25,1.27,7,2
0.25,1.28,7,2
0.25,1.29,7,2
0.25,1.3,7,2
0.25,1.31,7,2
0.25,1.32,7,2
0.25,1.33,7,2
0.25,1.34,7,2
0.25,1.35,7,2
0.25,1.36,7,2
0.25,1.37,7,2
0.25,1.38,7,2
0.25,1.39,7,2
0.25,1.4,7,2
0.25,1.41,7,2
0.25,1.42,7,2
0.25,1.43,7,2
0.25,1.44,7,2
0.25,1.45,7,2
0.25,1.46,7,2
0.25,1.47,7,2
0.25,1.48,7,2
0.25,1.49,7,2
0.25,1.5,7,2
0.25,1.51,7,2
0.25,1.52,7,2
0.25,1.53,7,2
0.25,1.54,7,2
0.25,1.55,7,2
0.25,1.56,7,2
0.25,1.57,7,2
0.25,1.58,7,2
0.25,1.59,7,2
0.25,1.6,7,2
0.25,1.61,7,2
0.25,1.62,7,2
0.25,1.63,7,2
0.25,1.64,7,2
0.25,1.65,7,2
0.25,1.66,7,2
0.25,1.67,7,2
0.25,1.68,7,2
0.25,1.69,7,2
0.25,1.7,7,2
0.25,1.71,7,2
0.25,1.72,7,2
0.25,1.73,7,2
0.25,1.74,7,2
0.25,1.75,7,2
0.25,1.76,7,2
0.25,1.77,7,2
0.25,1.78,7,2
0.25,1.79,7,2
0.25,1.8,7,2
0.25,1.81,7,2
0.25,1.82,7,2
0.25,1.83,7,2
0.25,1.84,7,2
0.25,1.85,7,2
0.25,1.86,7,2
0.25,1.87,7,2
0.25,1.88,7,2
0.25,1.89,7,2
0.25,1.9,7,2
0.25,1.91,7,2
0.25,1.92,7,2
0.25,1.93,7,2
0.25,1.94,7,2
0.25,1.95,7,2
0.25,1.96,7,2
0.25,1.97,7,2
0.25,1.98,7,2
0.25,1.99,7,2
0.25,2,7,2
0.25,2.01,7,2
0.25,2.02,7,2
0.25,2.03,7,2
0.25,2.04,7,2
0.25,2.05,7,2
0.25,2.06,7,2
0.25,2.07,7,2
0.25,2.08,7,2
0.25,2.09,7,2
0.25,2.1,7,2
0.25,2.11,7,2
0.25,2.12,7,2
0.25,2.13,7,2
0.25,2.14,7,2
0.25,2.15,7,2
0.25,2.16,7,2
0.25,2.17,7,2
0.25,2.18,7,2
0.25,2.19,7,2
0.25,2.2,7,2
0.25,2.21,7,2
0.25,2.22,7,2
0.25,2.23,7,2
0.25,2.24,7,2
0.25,2.25,7,2
0.25,2.26,7,2
0.25,2.27,7,2
0.25,2.28,7,2
0.25,2.29,7,2
0.25,2.3,7,2
0.25,2.31,7,2
0.25,2.32,7,2
0.25,2.33,7,2
0.25,2.34,7,2
0.25,2.35,7,2
0.25,2.36,7,2
0.25,2.37,7,2
0.25,2.38,7,2
0.25,2.39,7,2
0.25,2.4,7,2
0.25,2.41,7,2
0.25,2.42,7,2
0.25,2.43,7,2
0.25,2.44,7,2
0.25,2.45,7,2
0.25,2.46,7,2
0.25,2.47,7,2
0.25,2.48,7,2
0.25,2.49,7,2
0.25,2.5,7,2
-0.25,0,7,2
-0.25,0.01,7,2
-0.25,0.02,7,2
-0.25,0.03,7,2
-0.25,0.04,7,2
-0.25,0.05,7,2
-0.25,0.06,7,2
-0.25,0.07,7,2
-0.25,0.08,7,2
-0.25,0.09,7,2
-0.25,0.1,7,2
-0.25,0.11,7,2
-0.25,0.12,7,2
-0.25,0.13,7,2
-0.25,0.14,7,2
-0.25,0.15,7,2
-0.25,0.16,7,2
-0.25,0.17,7,2
-0.25,0.18,7,2
-0.25,0.19,7,2
-0.25,0.2,7,2
-0.25,0.21,7,2
-0.25,0.22,7,2
-0.25,0.23,7,2
-0.25,0.24,7,2
-0.25,0.25,7,2
-0.25,0.26,7,2
-0.25,0.27,7,2
-0.25,0.28,7,2
-0.25,0.29,7,2
-0.25,0.3,7,2
-0.25,0.31,7,2
-0.25,0.32,7,2
-0.25,0.33,7,2
-0.25,0.34,7,2
-0.25,0.35,7,2
-0.25,0.36,7,2
-0.25,0.37,7,2
-0.25,0.38,7,2
-0.25,0.39,7,2
-0.25,0.4,7,2
-0.25,0.41,7,2
-0.25,0.42,7,2
-0.25,0.43,7,2
-0.25,0.44,7,2
-0.25,0.45,7,2
-0.25,0.46,7,2
-0.25,0.47,7,2
-0.25,0.48,7,2
-0.25,0.49,7,2
-0.25,0.5,7,2
-0.25,0.51,7,2
-0.25,0.52,7,2
-0.25,0.53,7,2
-0.25,0.54,7,2
-0.25,0.55,7,2
-0.25,0.56,7,2
-0.25,0.57,7,2
-0.25,0.58,7,2
-0.25,0.59,7,2
-0.25,0.6,7,2
-0.25,0.61,7,2
-0.25,0.62,7,2
-0.25,0.63,7,2
-0.25,0.64,7,2
-0.25,0.65,7,2
-0.25,0.66,7,2
-0.25,0.67,7,2
-0.25,0.68,7,2
-0.25,0.69,7,2
-0.25,0.7,7,2
-0.25,0.71,7,2
-0.25,0.72,7,2
-0.25,0.73,7,2
-0.25,0.74,7,2
-0.25,0.75,7,2
-0.25,0.76,7,2
-0.25,0.77,7,2
-0.25,0.78,7,2
-0.25,0.79,7,2
-0.25,0.8,7,2
-0.25,0.81,7,2
-0.25,0.82,7,2
-0.25,0.83,7,2
-0.25,0.84,7,2
-0.25,0.85,7,2
-0.25,0.86,7,2
-0.25,0.87,7,2
-0.25,0.88,7,2
-0.25,0.89,7,2
-0.25,0.9,7,2
-0.25,0.91,7,2
-0.25,0.92,7,2
-0.25,0.93,7,2
-0.25,0.94,7,2
-0.25,0.95,7,2
-0.25,0.96,7,2
-0.25,0.97,7,2
-0.25,0.98,7,2
-0.25,0.99,7,2
-0.25,1,7,2
-0.25,1.01,7,2
-0.25,1.02,7,2
-0.25,1.03,7,2
-0.25,1.04,7,2
-0.25,1.05,7,2
-0.25,1.06,7,2
-0.25,1.07,7,2
-0.25,1.08,7,2
-0.25,1.09,7,2
-0.25,1.1,7,2
-0.25,1.11,7,2
-0.25,1.12,7,2
-0.25,1.13,7,2
-0.25,1.14,7,2
-0.25,1.15,7,2
-0.25,1.16,7,2
-0.25,1.17,7,2
-0.25,1.18,7,2
-0.25,1.19,7,2
-0.25,1.2,7,2
-0.25,1.21,7,2
-0.25,1.22,7,2
-0.25,1.23,7,2
-0.25,1.24,7,2
-0.25,1.25,7,2
-0.25,1.26,7,2
-0.25,1.27,7,2
-0.25,1.28,7,2
-0.25,1.29,7,2
-0.25,1.3,7,2
-0.25,1.31,7,2
-0.25,1.32,7,2
-0.25,1.33,7,2
-0.25,1.34,7,2
-0.25,1.35,7,2
-0.25,1.36,7,2
-0.25,1.37,7,2
-0.25,1.38,7,2
-0.25,1.39,7,2
-0.25,1.4,7,2
-0.25,1.41,7,2
-0.25,1.42,7,2
-0.25,1.43,7,2
-0.25,1.44,7,2
-0.25,1.45,7,2
-0.25,1.46,7,2
-0.25,1.47,7,2
-0.25,1.48,7,2
-0.25,1.49,7,2
-0.25,1.5,7,2
-0.25,1.51,7,2
-0.25,1.52,7,2
-0.25,1.53,7,2
-0.25,1.54,7,2
-0.25,1.55,7,2
-0.25,1.56,7,2
-0.25,1.57,7,2
-0.25,1.58,7,2
-0.25,1.59,7,2
-0.25,1.6,7,2
-0.25,1.61,7,2
-0.25,1.62,7,2
-0.25,1.63,7,2
-0.25,1.64,7,2
-0.25,1.65,7,2
-0.25,1.66,7,2
-0.25,1.67,7,2
-0.25,1.68,7,2
-0.25,1.69,7,2
-0.25,1.7,7,2
-0.25,1.71,7,2
-0.25,1.72,7,2
-0.25,1.73,7,2
-0.25,1.74,7,2
-0.25,1.75,7,2
-0.25,1.76,7,2
-0.25,1.77,7,2
-0.25,1.78,7,2
-0.25,1.79,7,2
-0.25,1.8,7,2
-0.25,1.81,7,2
-0.25,1.82,7,2
-0.25,1.83,7,2
-0.25,1.84,7,2
-0.25,1.85,7,2
-0.25,1.86,7,2
-0.25,1.87,7,2
-0.25,1.88,7,2
-0.25,1.89,7,2
-0.25,1.9,7,2
-0.25,1.91,7,2
-0.25,1.92,7,2
-0.25,1.93,7,2
-0.25,1.94,7,2
-0.25,1.95,7,2
-0.25,1.96,7,2
-0.25,1.97,7,2
-0.25,1.98,7,2
-0.25,1.99,7,2
-0.25,2,7,2
-0.25,2.01,7,2
-0.25,2.02,7,2
-0.25,2.03,7,2
-0.25,2.04,7,2
-0.25,2.05,7,2
-0.25,2.06,7,2
-0.25,2.07,7,2
-0.25,2.08,7,2
-0.25,2.09,7,2
-0.25,2.1,7,2
-0.25,2.11,7,2
-0.25,2.12,7,2
-0.25,2.13,7,2
-0.25,2.14,7,2
-0.25,2.15,7,2
-0.25,2.16,7,2
-0.25,2.17,7,2
-0.25,2.18,7,2
-0.25,2.19,7,2
-0.25,2.2,7,2
-0.25,2.21,7,2
-0.25,2.22,7,2
-0.25,2.23,7,2
-0.25,2.24,7,2
-0.25,2.25,7,2
-0.25,2.26,7,2
-0.25,2.27,7,2
-0.25,2.28,7,2
-0.25,2.29,7,2
-0.25,2.3,7,2
-0.25,2.31,7,2
-0.25,2.32,7,2
-0.25,2.33,7,2
-0.25,2.34,7,2
-0.25,2.35,7,2
-0.25,2.36,7,2
-0.25,2.37,7,2
-0.25,2.38,7,2
-0.25,2.39,7,2
-0.25,2.4,7,2
-0.25,2.41,7,2
-0.25,2.42,7,2
-0.25,2.43,7,2
-0.25,2.44,7,2
-0.25,2.45,7,2
-0.25,2.46,7,2
-0.25,2.47,7,2
-0.25,2.48,7,2
-0.25,2.49,7,2
-0.25,2.5,7,2
